mode,num_runs,t_eachsimulation,packet_drop_len,is_exp_drop,queue_size,rho,theta,lambda,mu,gamma,results_lossrates,results_state_probabilities,avg_packet_loss_rate,variance_packet_loss_rate,loss_confidence,state_probabilities_confidence
waitroom,10,10000000.0,10000,True,10000000,0.03,0.005,3.75,125,0.625,"[np.float64(0.00495), np.float64(0.005019), np.float64(0.005017), np.float64(0.004941), np.float64(0.004988), np.float64(0.004927), np.float64(0.005056), np.float64(0.004905), np.float64(0.004967), np.float64(0.005008)]","[array([2.48354380e-03, 1.47001997e-02, 7.14980488e-05, 4.44407511e-02,
       2.21325150e-04, 2.22012976e-04, 2.22154041e-06, 8.83094980e-02,
       4.46226058e-04, 4.37888820e-04, 4.30479128e-06, 4.37188880e-04,
       4.03031856e-06, 3.56474802e-06, 6.86742536e-08, 1.31310060e-01,
       1.56744648e-01, 1.55976803e-01, 1.32789752e-01, 9.90348333e-02,
       6.57738685e-02, 3.89278222e-02, 2.10468680e-02, 1.04436366e-02,
       4.88759661e-03, 2.06911162e-03, 7.83144278e-04, 2.84989603e-04,
       1.04946763e-04, 3.48989405e-05, 1.10460215e-05, 1.10867251e-06,
       0.00000000e+00, 0.00000000e+00, 0.00000000e+00, 0.00000000e+00,
       2.79905429e-02]), array([2.56063838e-03, 1.48799145e-02, 7.53455719e-05, 4.42184687e-02,
       2.19532181e-04, 2.19872925e-04, 2.58799511e-06, 8.79223390e-02,
       4.45043939e-04, 4.41754709e-04, 4.85547395e-06, 4.32829934e-04,
       4.53693989e-06, 4.05369101e-06, 4.09325772e-08, 1.30448214e-01,
       1.55860558e-01, 1.55734694e-01, 1.33073867e-01, 9.93592993e-02,
       6.59300670e-02, 3.96058963e-02, 2.16612231e-02, 1.06902091e-02,
       4.84118980e-03, 2.07282917e-03, 8.20252934e-04, 3.28415612e-04,
       1.09868872e-04, 3.09513637e-05, 7.54118523e-06, 2.70147832e-06,
       8.44835407e-07, 7.86660030e-08, 0.00000000e+00, 0.00000000e+00,
       2.79894830e-02]), array([2.49775516e-03, 1.49508641e-02, 7.43088936e-05, 4.41537219e-02,
       2.26895396e-04, 2.20694432e-04, 2.13909298e-06, 8.77455188e-02,
       4.49284176e-04, 4.38811746e-04, 4.19786090e-06, 4.31603279e-04,
       5.14001520e-06, 4.38366242e-06, 7.04354157e-08, 1.31364229e-01,
       1.57154921e-01, 1.56541879e-01, 1.32492735e-01, 9.85415075e-02,
       6.55443340e-02, 3.91171137e-02, 2.12555247e-02, 1.05568215e-02,
       4.84631465e-03, 2.10255684e-03, 8.35785083e-04, 3.09500646e-04,
       1.20060556e-04, 3.90524274e-05, 9.61253018e-06, 2.03763511e-06,
       1.73062111e-07, 2.87795949e-08, 0.00000000e+00, 0.00000000e+00,
       2.79604227e-02]), array([2.49462506e-03, 1.48732551e-02, 7.47514718e-05, 4.43393695e-02,
       2.22407855e-04, 2.23745355e-04, 2.03959551e-06, 8.81707861e-02,
       4.54926581e-04, 4.46689610e-04, 4.25019337e-06, 4.34571775e-04,
       4.35489265e-06, 4.43960081e-06, 1.21384089e-07, 1.31385413e-01,
       1.56595924e-01, 1.55901455e-01, 1.32872214e-01, 9.89788586e-02,
       6.55141793e-02, 3.88678136e-02, 2.12223507e-02, 1.06448647e-02,
       4.96587948e-03, 2.07071358e-03, 8.13268968e-04, 2.89607968e-04,
       1.06924014e-04, 3.80373154e-05, 1.21952525e-05, 3.46454341e-06,
       1.09535414e-06, 1.89265452e-07, 0.00000000e+00, 0.00000000e+00,
       2.79652174e-02]), array([2.48451269e-03, 1.45327615e-02, 7.11267879e-05, 4.43149281e-02,
       2.16316585e-04, 2.16907060e-04, 2.45457058e-06, 8.79644655e-02,
       4.44776712e-04, 4.34738913e-04, 4.26881330e-06, 4.38492540e-04,
       4.75294751e-06, 3.86431052e-06, 1.02982947e-07, 1.31725716e-01,
       1.57550549e-01, 1.56373431e-01, 1.33102585e-01, 9.87199159e-02,
       6.52353812e-02, 3.87747715e-02, 2.11408464e-02, 1.03678644e-02,
       4.67549149e-03, 1.97437124e-03, 8.05777722e-04, 2.93683990e-04,
       1.16274531e-04, 4.35364044e-05, 1.36838234e-05, 3.54458426e-06,
       6.25241959e-07, 0.00000000e+00, 0.00000000e+00, 0.00000000e+00,
       2.79474806e-02]), array([2.51239639e-03, 1.46894383e-02, 7.59553108e-05, 4.41251308e-02,
       2.20078398e-04, 2.19797044e-04, 2.00012273e-06, 8.82109896e-02,
       4.46701228e-04, 4.36986793e-04, 4.58748791e-06, 4.38480436e-04,
       4.52170031e-06, 4.04995900e-06, 1.17272313e-07, 1.31414454e-01,
       1.56529385e-01, 1.55910756e-01, 1.33136041e-01, 9.89025151e-02,
       6.55469868e-02, 3.91168936e-02, 2.11146885e-02, 1.05840428e-02,
       4.90838609e-03, 2.11131594e-03, 8.40410264e-04, 3.18676003e-04,
       1.10246109e-04, 3.38897164e-05, 1.04393335e-05, 2.44648534e-06,
       7.31114225e-07, 0.00000000e+00, 0.00000000e+00, 0.00000000e+00,
       2.80164658e-02]), array([2.57551867e-03, 1.50628860e-02, 7.72875671e-05, 4.41246891e-02,
       2.24998904e-04, 2.21356724e-04, 2.51620972e-06, 8.78385614e-02,
       4.39465646e-04, 4.39709021e-04, 4.05550250e-06, 4.35535922e-04,
       4.62174745e-06, 4.15562506e-06, 5.28184507e-08, 1.31536497e-01,
       1.56587107e-01, 1.55387990e-01, 1.33003613e-01, 9.93014636e-02,
       6.58856643e-02, 3.90722892e-02, 2.11851576e-02, 1.05376633e-02,
       4.81819614e-03, 2.01481015e-03, 7.92840419e-04, 3.04274443e-04,
       9.66109995e-05, 3.06478966e-05, 1.24968808e-05, 1.82530481e-06,
       6.81033901e-07, 0.00000000e+00, 0.00000000e+00, 0.00000000e+00,
       2.79747612e-02]), array([2.43452739e-03, 1.46498405e-02, 7.33939102e-05, 4.40028862e-02,
       2.19960860e-04, 2.18418879e-04, 1.95637645e-06, 8.78009516e-02,
       4.38331106e-04, 4.35897750e-04, 4.42123033e-06, 4.31132101e-04,
       4.29489194e-06, 4.35360443e-06, 9.41620308e-08, 1.31512607e-01,
       1.56458783e-01, 1.56443186e-01, 1.33243559e-01, 9.94257285e-02,
       6.57049934e-02, 3.89336522e-02, 2.09875744e-02, 1.04764079e-02,
       4.75865246e-03, 2.06500560e-03, 8.14248182e-04, 2.98106944e-04,
       1.04989677e-04, 3.39612984e-05, 1.11111907e-05, 4.86510778e-06,
       1.31142884e-06, 8.93439146e-07, 3.55018794e-07, 1.51088377e-07,
       2.79993954e-02]), array([2.38407637e-03, 1.48941131e-02, 7.28617427e-05, 4.45466706e-02,
       2.24867458e-04, 2.25672713e-04, 2.54377751e-06, 8.81377621e-02,
       4.44210902e-04, 4.42581591e-04, 4.03482757e-06, 4.43076553e-04,
       4.60156635e-06, 4.52988973e-06, 1.06741394e-07, 1.31211501e-01,
       1.57359421e-01, 1.56310277e-01, 1.32344787e-01, 9.86218846e-02,
       6.53136363e-02, 3.90478326e-02, 2.11791390e-02, 1.05668672e-02,
       4.85982050e-03, 2.04466170e-03, 8.18444487e-04, 3.23579082e-04,
       1.15405339e-04, 3.84446229e-05, 1.39139362e-05, 2.52995472e-06,
       2.03554890e-06, 1.36035197e-07, 0.00000000e+00, 0.00000000e+00,
       2.79939725e-02]), array([2.42932237e-03, 1.46121702e-02, 7.33625654e-05, 4.37721716e-02,
       2.17295510e-04, 2.20573269e-04, 1.66133005e-06, 8.76009307e-02,
       4.42642891e-04, 4.36366458e-04, 4.34120452e-06, 4.33743008e-04,
       4.47130543e-06, 4.73626576e-06, 6.39220229e-08, 1.31271183e-01,
       1.56777026e-01, 1.56311468e-01, 1.32974729e-01, 9.94829749e-02,
       6.57521441e-02, 3.89588417e-02, 2.12544567e-02, 1.05405912e-02,
       4.89454835e-03, 2.14846210e-03, 8.26661508e-04, 3.24835743e-04,
       1.10280456e-04, 3.93650181e-05, 1.35993986e-05, 4.19805421e-06,
       9.85725072e-07, 2.21992201e-07, 1.52736930e-07, 0.00000000e+00,
       2.80594206e-02])]",0.004978,2.2766222222222214e-09,"[np.float64(0.004943667487378635), np.float64(0.005011932512621363), np.float64(1.371389), np.float64(0.004977799999999999)]","[[np.float64(0.0024438764962105273), np.float64(0.002527506758171308), np.float64(3.364466), np.float64(0.0024856916271909176)], [np.float64(0.014662602455029391), np.float64(0.014906486132841854), np.float64(1.649585), np.float64(0.014784544293935623)], [np.float64(7.26052335602854e-05), np.float64(7.537314046812511e-05), np.float64(3.740961), np.float64(7.398918701420525e-05)], [np.float64(0.04404458363852235), np.float64(0.04436317388771794), np.float64(0.720729), np.float64(0.044203878763120145)], [np.float64(0.00021891072705272264), np.float64(0.00022382493273702183), np.float64(2.219928), np.float64(0.00022136782989487223)], [np.float64(0.00021910736182429016), np.float64(0.00022270291359483273), np.float64(1.627645), np.float64(0.00022090513770956145)], [np.float64(1.99203342826626e-06), np.float64(2.4320887812571294e-06), np.float64(19.893454), np.float64(2.2120611047616947e-06)], [np.float64(0.08780556986944246), np.float64(0.08813479067146232), np.float64(0.374241), np.float64(0.08797018027045239)], [np.float64(0.00044176883401658224), np.float64(0.00044855301358131156), np.float64(1.523984), np.float64(0.0004451609237989469)], [np.float64(0.000436531674813291), np.float64(0.0004417534072595851), np.float64(1.189075), np.float64(0.00043914254103643804)], [np.float64(4.156265216402759e-06), np.float64(4.507211907326329e-06), np.float64(8.101751), np.float64(4.331738561864544e-06)], [np.float64(0.00043301912485878795), np.float64(0.00043831176044918104), np.float64(1.214839), np.float64(0.0004356654426539845)], [np.float64(4.3227841792127914e-06), np.float64(4.7424808792823e-06), np.float64(9.259447), np.float64(4.5326325292475456e-06)], [np.float64(3.966301520757193e-06), np.float64(4.459969833238545e-06), np.float64(11.717361), np.float64(4.213135676997869e-06)], [np.float64(6.37915079044378e-08), np.float64(1.0407359096278326e-07), np.float64(47.993399), np.float64(8.393254943361053e-08)], [np.float64(0.13107505189525018), np.float64(0.13156092278177703), np.float64(0.369996), np.float64(0.1313179873385136)], [np.float64(0.15641215587972646), np.float64(0.15711150866216128), np.float64(0.446124), np.float64(0.15676183227094387)], [np.float64(0.1558272887708143), np.float64(0.15635109935449742), np.float64(0.335584), np.float64(0.15608919406265587)], [np.float64(0.13269712006801115), np.float64(0.13310965678256143), np.float64(0.310403), np.float64(0.1329033884252863)], [np.float64(0.09879097201171348), np.float64(0.09928282426300601), np.float64(0.496635), np.float64(0.09903689813735975)], [np.float64(0.06545507152558382), np.float64(0.06578517942756466), np.float64(0.503059), np.float64(0.06562012547657424)], [np.float64(0.038879930639157484), np.float64(0.03920465466513891), np.float64(0.831724), np.float64(0.039042292652148196)], [np.float64(0.021074383555596727), np.float64(0.021335182251112566), np.float64(1.229905), np.float64(0.021204782903354646)], [np.float64(0.010473679438890078), np.float64(0.010608114305287563), np.float64(1.275365), np.float64(0.01054089687208882)], [np.float64(0.0047871800096347976), np.float64(0.00490403510594649), np.float64(2.411567), np.float64(0.004845607557790644)], [np.float64(0.0020322398848213984), np.float64(0.002102527707331832), np.float64(3.399844), np.float64(0.002067383796076615)], [np.float64(0.0008023590404418836), np.float64(0.0008278077284005074), np.float64(3.122219), np.float64(0.0008150833844211955)], [np.float64(0.0002962769803397799), np.float64(0.0003188570264205645), np.float64(7.341505), np.float64(0.0003075670033801722)], [np.float64(0.00010474780582157291), np.float64(0.00011437365758152466), np.float64(8.785859), np.float64(0.00010956073170154879)], [np.float64(3.335082526856128e-05), np.float64(3.920617550727019e-05), np.float64(16.140001), np.float64(3.6278500387915735e-05)], [np.float64(1.0110433832684196e-05), np.float64(1.301747667562408e-05), np.float64(25.138828), np.float64(1.1563955254154138e-05)], [np.float64(2.054371640597214e-06), np.float64(3.6899924539773675e-06), np.float64(56.946976), np.float64(2.8721820472872907e-06)], [np.float64(4.373236010618915e-07), np.float64(1.2593453103032947e-06), np.float64(96.898305), np.float64(8.483344556825931e-07)], [np.float64(-4.024325601573295e-08), np.float64(3.498787748322949e-07), np.float64(251.987907), np.float64(1.5481775940828097e-07)], [np.float64(-3.305163030459009e-08), np.float64(1.3460277508844862e-07), np.float64(330.18713), np.float64(5.0775572391929265e-08)], [np.float64(-1.9069727777324462e-08), np.float64(4.928740326085432e-08), np.float64(452.431433), np.float64(1.5108837741764928e-08)], [np.float64(0.027966903661277312), np.float64(0.028012528731043734), np.float64(0.163007), np.float64(0.027989716196160523)]]"
waitroom,10,10000000.0,10000,True,10000000,0.03,0.01,3.75,125,1.25,"[np.float64(0.009938), np.float64(0.009785), np.float64(0.009854), np.float64(0.009917), np.float64(0.009853), np.float64(0.009811), np.float64(0.009951), np.float64(0.010039), np.float64(0.00997), np.float64(0.009803)]","[array([5.02063421e-02, 1.48342918e-01, 1.48181201e-03, 2.20095660e-01,
       2.21538995e-03, 2.17793246e-03, 4.36685634e-05, 2.17346232e-01,
       2.21620015e-03, 2.16955079e-03, 4.50393374e-05, 2.13024905e-03,
       4.09337580e-05, 4.24735897e-05, 1.43797271e-06, 1.60889099e-01,
       9.52564465e-02, 4.72722995e-02, 2.00403659e-02, 7.48152480e-03,
       2.42711474e-03, 7.21585846e-04, 2.00673339e-04, 4.74478456e-05,
       8.05855214e-06, 1.49577297e-06, 9.26073381e-07, 5.50224980e-09,
       0.00000000e+00, 0.00000000e+00, 0.00000000e+00, 0.00000000e+00,
       0.00000000e+00, 0.00000000e+00, 0.00000000e+00, 0.00000000e+00,
       1.70971159e-02]), array([4.97287583e-02, 1.47476305e-01, 1.47324003e-03, 2.19717562e-01,
       2.21334421e-03, 2.18234756e-03, 4.48073173e-05, 2.17140443e-01,
       2.21050297e-03, 2.17135922e-03, 4.57081294e-05, 2.12969619e-03,
       4.37441506e-05, 4.16023987e-05, 1.13974494e-06, 1.61281197e-01,
       9.61986007e-02, 4.76952529e-02, 2.00861166e-02, 7.50420585e-03,
       2.48415949e-03, 7.28230657e-04, 1.92466212e-04, 5.47600220e-05,
       1.35454159e-05, 2.29578900e-06, 3.93620592e-07, 4.09390600e-08,
       0.00000000e+00, 0.00000000e+00, 0.00000000e+00, 0.00000000e+00,
       0.00000000e+00, 0.00000000e+00, 0.00000000e+00, 0.00000000e+00,
       1.71381738e-02]), array([5.04411730e-02, 1.48203217e-01, 1.49160752e-03, 2.19560636e-01,
       2.21625388e-03, 2.18636724e-03, 4.41348719e-05, 2.17656355e-01,
       2.21435598e-03, 2.18415043e-03, 4.43432846e-05, 2.14107204e-03,
       4.35499262e-05, 4.25785453e-05, 1.15002658e-06, 1.61349990e-01,
       9.54087105e-02, 4.71348234e-02, 1.98708630e-02, 7.29682721e-03,
       2.38779042e-03, 7.23457915e-04, 2.04675885e-04, 5.59584686e-05,
       1.27243563e-05, 2.63649134e-06, 3.10869802e-08, 0.00000000e+00,
       0.00000000e+00, 0.00000000e+00, 0.00000000e+00, 0.00000000e+00,
       0.00000000e+00, 0.00000000e+00, 0.00000000e+00, 0.00000000e+00,
       1.70805656e-02]), array([4.98887116e-02, 1.47096837e-01, 1.47455775e-03, 2.19902431e-01,
       2.21731981e-03, 2.16775281e-03, 4.28161467e-05, 2.17564169e-01,
       2.22198126e-03, 2.18161432e-03, 4.37298560e-05, 2.12900562e-03,
       4.10630272e-05, 4.28916485e-05, 1.20290045e-06, 1.61523075e-01,
       9.58666596e-02, 4.74678365e-02, 2.00563693e-02, 7.41473074e-03,
       2.52361271e-03, 7.44614985e-04, 1.98844605e-04, 5.56518233e-05,
       1.09477273e-05, 1.88783943e-06, 9.06356126e-08, 8.93681309e-08,
       0.00000000e+00, 0.00000000e+00, 0.00000000e+00, 0.00000000e+00,
       0.00000000e+00, 0.00000000e+00, 0.00000000e+00, 0.00000000e+00,
       1.71195058e-02]), array([4.91972076e-02, 1.47417748e-01, 1.47231955e-03, 2.19333593e-01,
       2.21419773e-03, 2.16664283e-03, 4.20206076e-05, 2.17846473e-01,
       2.22978810e-03, 2.17027606e-03, 4.42560253e-05, 2.12411576e-03,
       4.34400924e-05, 4.20989296e-05, 1.50037948e-06, 1.61746483e-01,
       9.59762666e-02, 4.76316749e-02, 2.01231120e-02, 7.53274675e-03,
       2.50367634e-03, 7.29242063e-04, 1.95760529e-04, 4.55588860e-05,
       1.16246868e-05, 1.26844964e-06, 1.88885868e-07, 0.00000000e+00,
       0.00000000e+00, 0.00000000e+00, 0.00000000e+00, 0.00000000e+00,
       0.00000000e+00, 0.00000000e+00, 0.00000000e+00, 0.00000000e+00,
       1.71567192e-02]), array([5.00839392e-02, 1.48107447e-01, 1.48275199e-03, 2.19503354e-01,
       2.20771839e-03, 2.18399858e-03, 4.55441119e-05, 2.16849031e-01,
       2.20546940e-03, 2.17280301e-03, 4.30363194e-05, 2.13064488e-03,
       4.33984825e-05, 4.14788716e-05, 1.06429836e-06, 1.61226469e-01,
       9.59609770e-02, 4.76599676e-02, 2.01047090e-02, 7.41792161e-03,
       2.42742030e-03, 6.97025722e-04, 1.87193853e-04, 4.61014157e-05,
       1.08112291e-05, 2.23311192e-06, 0.00000000e+00, 0.00000000e+00,
       0.00000000e+00, 0.00000000e+00, 0.00000000e+00, 0.00000000e+00,
       0.00000000e+00, 0.00000000e+00, 0.00000000e+00, 0.00000000e+00,
       1.71574906e-02]), array([4.96654209e-02, 1.47254117e-01, 1.47797105e-03, 2.19320099e-01,
       2.21811370e-03, 2.16770602e-03, 4.38403118e-05, 2.17986690e-01,
       2.22344853e-03, 2.17023735e-03, 4.41688524e-05, 2.11393858e-03,
       4.42041253e-05, 4.18118290e-05, 1.17499567e-06, 1.61503941e-01,
       9.56352895e-02, 4.74829757e-02, 2.02321756e-02, 7.62735313e-03,
       2.56353231e-03, 7.48939970e-04, 2.07164237e-04, 4.82484978e-05,
       1.17735017e-05, 2.63168845e-06, 2.96919340e-07, 0.00000000e+00,
       0.00000000e+00, 0.00000000e+00, 0.00000000e+00, 0.00000000e+00,
       0.00000000e+00, 0.00000000e+00, 0.00000000e+00, 0.00000000e+00,
       1.71627352e-02]), array([4.99262318e-02, 1.48667389e-01, 1.47681947e-03, 2.20186240e-01,
       2.22508101e-03, 2.18437115e-03, 4.41327770e-05, 2.16876374e-01,
       2.21781840e-03, 2.18629593e-03, 4.59859667e-05, 2.14435285e-03,
       4.33132288e-05, 4.47117772e-05, 1.37177871e-06, 1.61307373e-01,
       9.55793797e-02, 4.70931506e-02, 1.99675310e-02, 7.34367672e-03,
       2.41688640e-03, 7.11890863e-04, 1.92131805e-04, 4.21706317e-05,
       1.04960635e-05, 1.47896498e-06, 3.91301153e-07, 0.00000000e+00,
       0.00000000e+00, 0.00000000e+00, 0.00000000e+00, 0.00000000e+00,
       0.00000000e+00, 0.00000000e+00, 0.00000000e+00, 0.00000000e+00,
       1.70629540e-02]), array([4.96149110e-02, 1.47771800e-01, 1.48290314e-03, 2.19227829e-01,
       2.21158987e-03, 2.17538037e-03, 4.41165418e-05, 2.17583513e-01,
       2.22044130e-03, 2.17485195e-03, 4.40432739e-05, 2.13456718e-03,
       4.00728297e-05, 4.07682660e-05, 1.03790152e-06, 1.61434150e-01,
       9.58583898e-02, 4.74411746e-02, 2.01887723e-02, 7.57746378e-03,
       2.54130209e-03, 7.56958039e-04, 1.98435990e-04, 4.42628621e-05,
       9.31660309e-06, 1.00714385e-06, 4.62689989e-07, 0.00000000e+00,
       0.00000000e+00, 0.00000000e+00, 0.00000000e+00, 0.00000000e+00,
       0.00000000e+00, 0.00000000e+00, 0.00000000e+00, 0.00000000e+00,
       1.71804789e-02]), array([4.95696311e-02, 1.47667285e-01, 1.47159197e-03, 2.19460825e-01,
       2.21654352e-03, 2.16577638e-03, 4.35156893e-05, 2.17393730e-01,
       2.21129841e-03, 2.16673986e-03, 4.22295212e-05, 2.13069449e-03,
       4.27449573e-05, 4.30555472e-05, 1.13283334e-06, 1.61591907e-01,
       9.59606431e-02, 4.76140019e-02, 2.02504558e-02, 7.46772430e-03,
       2.43572945e-03, 6.84358257e-04, 1.92990510e-04, 3.98378352e-05,
       8.33212728e-06, 1.10484533e-06, 5.42133716e-08, 0.00000000e+00,
       0.00000000e+00, 0.00000000e+00, 0.00000000e+00, 0.00000000e+00,
       0.00000000e+00, 0.00000000e+00, 0.00000000e+00, 0.00000000e+00,
       1.71260659e-02])]",0.009892,6.978988888888866e-09,"[np.float64(0.009832338838792004), np.float64(0.009951861161207998), np.float64(1.20826), np.float64(0.009892100000000001)]","[[np.float64(0.04957717493232202), np.float64(0.050087290405031855), np.float64(1.023666), np.float64(0.04983223266867694)], [np.float64(0.14743372685981604), np.float64(0.14816728591630668), np.float64(0.496317), np.float64(0.14780050638806136)], [np.float64(0.0014740808771566357), np.float64(0.0014830340148611913), np.float64(0.605532), np.float64(0.0014785574460089135)], [np.float64(0.2193919859232004), np.float64(0.21986965983722426), np.float64(0.217489), np.float64(0.21963082288021232)], [np.float64(0.0022123052160862677), np.float64(0.002218805194337968), np.float64(0.293379), np.float64(0.002215555205212118)], [np.float64(0.00216991637145961), np.float64(0.0021817387093311584), np.float64(0.543349), np.float64(0.0021758275403953842)], [np.float64(4.3161309572664916e-05), np.float64(4.4558078168369045e-05), np.float64(3.184629), np.float64(4.385969387051698e-05)], [np.float64(0.2171511679979506), np.float64(0.2176974341140625), np.float64(0.251244), np.float64(0.21742430105600655)], [np.float64(0.0022120296951473007), np.float64(0.002222231205203048), np.float64(0.460122), np.float64(0.0022171304501751744)], [np.float64(0.002169926423835423), np.float64(0.0021796493608574195), np.float64(0.447075), np.float64(0.0021747878923464212)], [np.float64(4.344028859723016e-05), np.float64(4.506782466386618e-05), np.float64(3.67771), np.float64(4.425405663054817e-05)], [np.float64(0.0021248147468224225), np.float64(0.002136852580434027), np.float64(0.564935), np.float64(0.002130833663628225)], [np.float64(4.163026625050162e-05), np.float64(4.3662649364291576e-05), np.float64(4.765655), np.float64(4.26464578073966e-05)], [np.float64(4.157046939257894e-05), np.float64(4.312381117782697e-05), np.float64(3.668115), np.float64(4.2347140285202955e-05)], [np.float64(1.1074734905297452e-06), np.float64(1.335092862695566e-06), np.float64(18.637723), np.float64(1.2212831766126556e-06)], [np.float64(0.16121706401878166), np.float64(0.1615536731235786), np.float64(0.208575), np.float64(0.16138536857118013)], [np.float64(0.09556158016845198), np.float64(0.09597869243167848), np.float64(0.435535), np.float64(0.09577013630006523)], [np.float64(0.047294070363376906), np.float64(0.04760456116243285), np.float64(0.654363), np.float64(0.04744931576290488)], [np.float64(0.02000820940330863), np.float64(0.020175884684777677), np.float64(0.834536), np.float64(0.020092047044043153)], [np.float64(0.0073936451598960885), np.float64(0.007539189817078936), np.float64(1.949324), np.float64(0.007466417488487512)], [np.float64(0.0024281780271088516), np.float64(0.002514066824440836), np.float64(3.4757), np.float64(0.002471122425774844)], [np.float64(0.0007084113836324489), np.float64(0.0007408494796839282), np.float64(4.476502), np.float64(0.0007246304316581886)], [np.float64(0.00019264199681448408), np.float64(0.00020142539611997688), np.float64(4.457816), np.float64(0.00019703369646723048)], [np.float64(4.3924564716962315e-05), np.float64(5.207509284158947e-05), np.float64(16.980327), np.float64(4.799982877927589e-05)], [np.float64(9.483905290722314e-06), np.float64(1.2042147310205413e-05), np.float64(23.768798), np.float64(1.0763026300463863e-05)], [np.float64(1.3628796773887491e-06), np.float64(2.2451397041892186e-06), np.float64(48.905504), np.float64(1.8040096907889839e-06)], [np.float64(8.237270883589859e-08), np.float64(4.847125487132481e-07), np.float64(141.897478), np.float64(2.8354262877457337e-07)], [np.float64(-7.54399713530478e-09), np.float64(3.470588526686816e-08), np.float64(311.0968), np.float64(1.358094406578169e-08)], [0, 0, 0, 0], [0, 0, 0, 0], [0, 0, 0, 0], [0, 0, 0, 0], [0, 0, 0, 0], [0, 0, 0, 0], [0, 0, 0, 0], [0, 0, 0, 0], [np.float64(0.017100712912961922), np.float64(0.017155648024201744), np.float64(0.320729), np.float64(0.017128180468581833)]]"
waitroom,10,10000000.0,10000,True,10000000,0.03,0.015,3.75,125,1.875,"[np.float64(0.014724), np.float64(0.014757), np.float64(0.014703), np.float64(0.014799), np.float64(0.014798), np.float64(0.014829), np.float64(0.014633), np.float64(0.014718), np.float64(0.014745), np.float64(0.014841)]","[array([1.35378639e-01, 2.66191092e-01, 4.00657627e-03, 2.63152294e-01,
       3.99417045e-03, 3.87496075e-03, 1.13013786e-04, 1.72317905e-01,
       2.67772379e-03, 2.59048085e-03, 8.03834807e-05, 2.49990308e-03,
       7.56458322e-05, 7.51374748e-05, 3.30873968e-06, 8.48124672e-02,
       3.35520420e-02, 1.09907982e-02, 3.08504139e-03, 7.56389028e-04,
       1.72893794e-04, 3.63024249e-05, 5.10312883e-06, 2.86317734e-07,
       1.51582701e-08, 0.00000000e+00, 0.00000000e+00, 0.00000000e+00,
       0.00000000e+00, 0.00000000e+00, 0.00000000e+00, 0.00000000e+00,
       0.00000000e+00, 0.00000000e+00, 0.00000000e+00, 0.00000000e+00,
       9.55742644e-03]), array([1.34993119e-01, 2.66418830e-01, 3.99614099e-03, 2.62351163e-01,
       3.99769199e-03, 3.87244513e-03, 1.15744491e-04, 1.72676660e-01,
       2.65603267e-03, 2.58557501e-03, 7.85766999e-05, 2.50390782e-03,
       7.74478839e-05, 7.24029356e-05, 3.12266895e-06, 8.51526379e-02,
       3.36631759e-02, 1.10795265e-02, 3.13602373e-03, 7.75806592e-04,
       1.78578552e-04, 3.06935043e-05, 6.86321729e-06, 1.63163453e-06,
       4.33180837e-08, 0.00000000e+00, 0.00000000e+00, 0.00000000e+00,
       0.00000000e+00, 0.00000000e+00, 0.00000000e+00, 0.00000000e+00,
       0.00000000e+00, 0.00000000e+00, 0.00000000e+00, 0.00000000e+00,
       9.57615902e-03]), array([1.35805034e-01, 2.67181269e-01, 4.01967799e-03, 2.62656710e-01,
       3.99918908e-03, 3.89147021e-03, 1.17068476e-04, 1.71944543e-01,
       2.66549502e-03, 2.57741554e-03, 7.83619162e-05, 2.50169468e-03,
       7.60559215e-05, 7.71310254e-05, 3.71369204e-06, 8.46745199e-02,
       3.32408809e-02, 1.08976733e-02, 3.11627532e-03, 7.60654894e-04,
       1.56682288e-04, 2.50827970e-05, 3.11378868e-06, 1.36251293e-07,
       0.00000000e+00, 0.00000000e+00, 0.00000000e+00, 0.00000000e+00,
       0.00000000e+00, 0.00000000e+00, 0.00000000e+00, 0.00000000e+00,
       0.00000000e+00, 0.00000000e+00, 0.00000000e+00, 0.00000000e+00,
       9.53015036e-03]), array([1.35071440e-01, 2.67548558e-01, 4.01387076e-03, 2.62835268e-01,
       4.01984544e-03, 3.89692645e-03, 1.14374749e-04, 1.72005934e-01,
       2.65292375e-03, 2.57071662e-03, 8.14370218e-05, 2.50586682e-03,
       7.43140427e-05, 7.47698148e-05, 3.43145725e-06, 8.48266695e-02,
       3.33700452e-02, 1.08387788e-02, 3.02912874e-03, 7.41928549e-04,
       1.61948829e-04, 3.33258642e-05, 5.90294799e-06, 7.38973475e-07,
       0.00000000e+00, 0.00000000e+00, 0.00000000e+00, 0.00000000e+00,
       0.00000000e+00, 0.00000000e+00, 0.00000000e+00, 0.00000000e+00,
       0.00000000e+00, 0.00000000e+00, 0.00000000e+00, 0.00000000e+00,
       9.52185592e-03]), array([1.35490151e-01, 2.66599509e-01, 3.98731175e-03, 2.62215338e-01,
       4.00268918e-03, 3.89248098e-03, 1.15921750e-04, 1.72401095e-01,
       2.65813648e-03, 2.59066008e-03, 7.88274916e-05, 2.50902539e-03,
       7.53965411e-05, 7.39713279e-05, 3.61942079e-06, 8.50770948e-02,
       3.35255988e-02, 1.10533467e-02, 3.12291633e-03, 7.52735604e-04,
       1.58151914e-04, 3.12627310e-05, 5.59740942e-06, 1.06610093e-06,
       2.00793791e-07, 3.03089751e-08, 0.00000000e+00, 0.00000000e+00,
       0.00000000e+00, 0.00000000e+00, 0.00000000e+00, 0.00000000e+00,
       0.00000000e+00, 0.00000000e+00, 0.00000000e+00, 0.00000000e+00,
       9.57786575e-03]), array([1.35799901e-01, 2.67074597e-01, 3.99435772e-03, 2.61864943e-01,
       3.98853929e-03, 3.87433329e-03, 1.19610682e-04, 1.72575733e-01,
       2.67157374e-03, 2.57716920e-03, 8.01476172e-05, 2.51035280e-03,
       7.43715279e-05, 7.60162428e-05, 3.40410686e-06, 8.47136927e-02,
       3.35124646e-02, 1.09378435e-02, 3.07321728e-03, 7.38900671e-04,
       1.64669584e-04, 3.54793782e-05, 5.53614195e-06, 6.34883241e-07,
       1.42269375e-07, 0.00000000e+00, 0.00000000e+00, 0.00000000e+00,
       0.00000000e+00, 0.00000000e+00, 0.00000000e+00, 0.00000000e+00,
       0.00000000e+00, 0.00000000e+00, 0.00000000e+00, 0.00000000e+00,
       9.53236946e-03]), array([1.35419423e-01, 2.66418421e-01, 3.99478481e-03, 2.62650748e-01,
       4.02821515e-03, 3.90180359e-03, 1.19314794e-04, 1.72672470e-01,
       2.67699686e-03, 2.58293765e-03, 7.99341992e-05, 2.49683931e-03,
       7.34796720e-05, 7.39443915e-05, 3.90580999e-06, 8.49599600e-02,
       3.33451855e-02, 1.09404982e-02, 3.07760742e-03, 7.48878045e-04,
       1.67320588e-04, 2.98396638e-05, 4.80074134e-06, 1.20100279e-06,
       6.25692522e-07, 0.00000000e+00, 0.00000000e+00, 0.00000000e+00,
       0.00000000e+00, 0.00000000e+00, 0.00000000e+00, 0.00000000e+00,
       0.00000000e+00, 0.00000000e+00, 0.00000000e+00, 0.00000000e+00,
       9.53086485e-03]), array([1.35440985e-01, 2.66617133e-01, 4.00281306e-03, 2.62731178e-01,
       3.99521581e-03, 3.88284601e-03, 1.17862880e-04, 1.72819916e-01,
       2.65623034e-03, 2.58526368e-03, 7.66179111e-05, 2.53810372e-03,
       7.48297719e-05, 7.44065334e-05, 3.28435388e-06, 8.46129136e-02,
       3.32433083e-02, 1.09699778e-02, 3.07009724e-03, 7.51333136e-04,
       1.61481378e-04, 3.25242041e-05, 6.24904619e-06, 1.46442114e-06,
       0.00000000e+00, 0.00000000e+00, 0.00000000e+00, 0.00000000e+00,
       0.00000000e+00, 0.00000000e+00, 0.00000000e+00, 0.00000000e+00,
       0.00000000e+00, 0.00000000e+00, 0.00000000e+00, 0.00000000e+00,
       9.53396518e-03]), array([1.34368569e-01, 2.65702996e-01, 3.99878238e-03, 2.63063071e-01,
       3.99879608e-03, 3.87917926e-03, 1.15725584e-04, 1.73181712e-01,
       2.66613335e-03, 2.60361100e-03, 7.93692129e-05, 2.51371596e-03,
       7.61711362e-05, 7.45634185e-05, 3.17858348e-06, 8.52186654e-02,
       3.36432720e-02, 1.10930208e-02, 3.14360680e-03, 7.72450458e-04,
       1.67409331e-04, 3.13363901e-05, 7.95412510e-06, 8.86476571e-07,
       0.00000000e+00, 0.00000000e+00, 0.00000000e+00, 0.00000000e+00,
       0.00000000e+00, 0.00000000e+00, 0.00000000e+00, 0.00000000e+00,
       0.00000000e+00, 0.00000000e+00, 0.00000000e+00, 0.00000000e+00,
       9.59582476e-03]), array([1.35226594e-01, 2.66300297e-01, 4.00069012e-03, 2.63081524e-01,
       4.01174220e-03, 3.87779176e-03, 1.18244357e-04, 1.72920909e-01,
       2.66845373e-03, 2.59148243e-03, 7.76800661e-05, 2.51741107e-03,
       7.57982292e-05, 7.60913242e-05, 3.01789754e-06, 8.47543618e-02,
       3.32567289e-02, 1.09020395e-02, 3.01192442e-03, 7.63648580e-04,
       1.77267143e-04, 3.69752203e-05, 5.93107666e-06, 8.66308771e-07,
       6.03522381e-08, 0.00000000e+00, 0.00000000e+00, 0.00000000e+00,
       0.00000000e+00, 0.00000000e+00, 0.00000000e+00, 0.00000000e+00,
       0.00000000e+00, 0.00000000e+00, 0.00000000e+00, 0.00000000e+00,
       9.54246928e-03])]",0.014755,4.075344444444439e-09,"[np.float64(0.01470903274215754), np.float64(0.014800367257842461), np.float64(0.61902), np.float64(0.0147547)]","[[np.float64(0.13499768881388907), np.float64(0.13560108236714258), np.float64(0.445969), np.float64(0.13529938559051582)], [np.float64(0.2662214929140394), np.float64(0.2669890473781651), np.float64(0.287899), np.float64(0.26660527014610225)], [np.float64(0.00399456846552894), np.float64(0.004008432701026005), np.float64(0.346476), np.float64(0.004001500583277472)], [np.float64(0.26236396615038476), np.float64(0.26295648109930053), np.float64(0.225582), np.float64(0.26266022362484265)], [np.float64(0.003994686067296317), np.float64(0.004012532868062517), np.float64(0.445768), np.float64(0.004003609467679417)], [np.float64(0.003876952236370885), np.float64(0.003891895249880411), np.float64(0.384691), np.float64(0.003884423743125648)], [np.float64(0.00011516795756568167), np.float64(0.0001182083521320006), np.float64(2.605573), np.float64(0.00011668815484884114)], [np.float64(0.17227159084021676), np.float64(0.17283178434850577), np.float64(0.324653), np.float64(0.17255168759436126)], [np.float64(0.002658603940263348), np.float64(0.002671336007315151), np.float64(0.477756), np.float64(0.0026649699737892494)], [np.float64(0.002578892291589879), np.float64(0.002592170121056776), np.float64(0.513544), np.float64(0.0025855312063233276)], [np.float64(7.812095482133267e-05), np.float64(8.014616851707582e-05), np.float64(2.559235), np.float64(7.913356166920425e-05)], [np.float64(0.0025012281237383857), np.float64(0.0025181360072817154), np.float64(0.673706), np.float64(0.0025096820655100506)], [np.float64(7.453669088549379e-05), np.float64(7.616542080677594e-05), np.float64(2.161522), np.float64(7.535105584613486e-05)], [np.float64(7.388809591937686e-05), np.float64(7.579880184529692e-05), np.float64(2.552937), np.float64(7.484344888233689e-05)], [np.float64(3.199594178820912e-06), np.float64(3.5977519161171728e-06), np.float64(11.715094), np.float64(3.3986730474690423e-06)], [np.float64(0.08472973875574784), np.float64(0.08503085782301635), np.float64(0.354757), np.float64(0.0848802982893821)], [np.float64(0.03331800531255091), np.float64(0.033552535125462135), np.float64(0.701444), np.float64(0.033435270219006524)], [np.float64(0.010910271064193669), np.float64(0.011030429598864801), np.float64(1.095303), np.float64(0.010970350331529235)], [np.float64(0.0030552148332620636), np.float64(0.0031179528996099124), np.float64(2.032605), np.float64(0.003086583866435988)], [np.float64(0.0007476221356058391), np.float64(0.0007649229758325061), np.float64(2.287646), np.float64(0.0007562725557191726)], [np.float64(0.0001612062698882234), np.float64(0.00017207441052057154), np.float64(6.521915), np.float64(0.00016664034020439747)], [np.float64(2.9760799055447968e-05), np.float64(3.4803636508104814e-05), np.float64(15.6211), np.float64(3.228221778177639e-05)], [np.float64(4.790278673410931e-06), np.float64(6.6200460170008035e-06), np.float64(32.072135), np.float64(5.705162345205867e-06)], [np.float64(5.516005145552973e-07), np.float64(1.2308735796676393e-06), np.float64(76.216879), np.float64(8.912370471114683e-07)], [np.float64(-3.018265994332742e-08), np.float64(2.4769951606619607e-07), np.float64(255.504039), np.float64(1.0875842806143432e-07)], [np.float64(-3.8254690063134785e-09), np.float64(9.887264033221866e-09), np.float64(452.431433), np.float64(3.0308975134541936e-09)], [0, 0, 0, 0], [0, 0, 0, 0], [0, 0, 0, 0], [0, 0, 0, 0], [0, 0, 0, 0], [0, 0, 0, 0], [0, 0, 0, 0], [0, 0, 0, 0], [0, 0, 0, 0], [0, 0, 0, 0], [np.float64(0.009531746610671937), np.float64(0.009568043592131502), np.float64(0.380077), np.float64(0.00954989510140172)]]"
waitroom,10,10000000.0,10000,True,10000000,0.03,0.02,3.75,125,2.5,"[np.float64(0.019732), np.float64(0.019733), np.float64(0.019411), np.float64(0.019656), np.float64(0.019744), np.float64(0.019674), np.float64(0.019614), np.float64(0.01971), np.float64(0.019543), np.float64(0.01964)]","[array([2.23347768e-01, 3.28490675e-01, 6.56555645e-03, 2.41332700e-01,
       4.93801445e-03, 4.73284922e-03, 1.86108254e-04, 1.17712625e-01,
       2.46098264e-03, 2.34626588e-03, 9.77752655e-05, 2.27366332e-03,
       9.13117170e-05, 8.82472339e-05, 5.57043308e-06, 4.31518828e-02,
       1.27289429e-02, 3.08314664e-03, 6.31514588e-04, 1.18278145e-04,
       1.74523604e-05, 2.34809039e-06, 9.54421305e-08, 0.00000000e+00,
       0.00000000e+00, 0.00000000e+00, 0.00000000e+00, 0.00000000e+00,
       0.00000000e+00, 0.00000000e+00, 0.00000000e+00, 0.00000000e+00,
       0.00000000e+00, 0.00000000e+00, 0.00000000e+00, 0.00000000e+00,
       5.59622692e-03]), array([2.22680644e-01, 3.27973900e-01, 6.56767555e-03, 2.41572324e-01,
       4.92783526e-03, 4.74667012e-03, 1.88581578e-04, 1.18273463e-01,
       2.46205974e-03, 2.38123485e-03, 9.55214006e-05, 2.27584961e-03,
       9.30524863e-05, 8.90027898e-05, 5.26291496e-06, 4.34579513e-02,
       1.27180292e-02, 3.06421424e-03, 6.52629367e-04, 1.18755349e-04,
       2.14041186e-05, 4.44301870e-06, 1.23772110e-06, 6.95157651e-08,
       0.00000000e+00, 0.00000000e+00, 0.00000000e+00, 0.00000000e+00,
       0.00000000e+00, 0.00000000e+00, 0.00000000e+00, 0.00000000e+00,
       0.00000000e+00, 0.00000000e+00, 0.00000000e+00, 0.00000000e+00,
       5.62818892e-03]), array([2.23143972e-01, 3.28585547e-01, 6.57848883e-03, 2.40889322e-01,
       4.92664158e-03, 4.72271584e-03, 1.93856541e-04, 1.18210386e-01,
       2.44977305e-03, 2.36318340e-03, 9.86139303e-05, 2.27188779e-03,
       9.07340612e-05, 9.01805894e-05, 5.39258693e-06, 4.31851216e-02,
       1.26507516e-02, 3.11848461e-03, 6.71870656e-04, 1.20633342e-04,
       1.94965050e-05, 2.53420677e-06, 3.05249681e-07, 0.00000000e+00,
       0.00000000e+00, 0.00000000e+00, 0.00000000e+00, 0.00000000e+00,
       0.00000000e+00, 0.00000000e+00, 0.00000000e+00, 0.00000000e+00,
       0.00000000e+00, 0.00000000e+00, 0.00000000e+00, 0.00000000e+00,
       5.61010649e-03]), array([2.22641408e-01, 3.27372627e-01, 6.57124688e-03, 2.41636342e-01,
       4.91675750e-03, 4.75399689e-03, 1.89708510e-04, 1.18656802e-01,
       2.46374991e-03, 2.36831582e-03, 9.82339938e-05, 2.28094473e-03,
       9.19782222e-05, 9.21792806e-05, 4.72982487e-06, 4.34480426e-02,
       1.28293808e-02, 3.15492711e-03, 6.56505439e-04, 1.17906031e-04,
       1.56389837e-05, 1.79597288e-06, 2.26540493e-07, 0.00000000e+00,
       0.00000000e+00, 0.00000000e+00, 0.00000000e+00, 0.00000000e+00,
       0.00000000e+00, 0.00000000e+00, 0.00000000e+00, 0.00000000e+00,
       0.00000000e+00, 0.00000000e+00, 0.00000000e+00, 0.00000000e+00,
       5.63655582e-03]), array([2.24306094e-01, 3.28932403e-01, 6.60775307e-03, 2.40624176e-01,
       4.93614785e-03, 4.73894370e-03, 1.91426990e-04, 1.17215298e-01,
       2.43817638e-03, 2.34310623e-03, 9.61219745e-05, 2.27053165e-03,
       8.95357917e-05, 8.95430152e-05, 5.79829010e-06, 4.30854394e-02,
       1.26350819e-02, 3.06321584e-03, 6.21099125e-04, 1.16720440e-04,
       2.11613490e-05, 3.02110443e-06, 3.54260875e-07, 0.00000000e+00,
       0.00000000e+00, 0.00000000e+00, 0.00000000e+00, 0.00000000e+00,
       0.00000000e+00, 0.00000000e+00, 0.00000000e+00, 0.00000000e+00,
       0.00000000e+00, 0.00000000e+00, 0.00000000e+00, 0.00000000e+00,
       5.56884949e-03]), array([2.23010062e-01, 3.28186360e-01, 6.55213477e-03, 2.41145082e-01,
       4.92835422e-03, 4.72551718e-03, 1.90125154e-04, 1.18075760e-01,
       2.45908371e-03, 2.34699714e-03, 9.58911594e-05, 2.28937246e-03,
       9.06353630e-05, 8.69797005e-05, 4.72055680e-06, 4.34686997e-02,
       1.28121029e-02, 3.09514521e-03, 6.73519940e-04, 1.31742607e-04,
       2.19374449e-05, 2.99302853e-06, 2.49134292e-07, 3.40790364e-08,
       0.00000000e+00, 0.00000000e+00, 0.00000000e+00, 0.00000000e+00,
       0.00000000e+00, 0.00000000e+00, 0.00000000e+00, 0.00000000e+00,
       0.00000000e+00, 0.00000000e+00, 0.00000000e+00, 0.00000000e+00,
       5.60649989e-03]), array([2.23726077e-01, 3.27916006e-01, 6.56540992e-03, 2.41110272e-01,
       4.92477878e-03, 4.76011225e-03, 1.92023891e-04, 1.17899732e-01,
       2.46048979e-03, 2.35817965e-03, 9.68354849e-05, 2.28024378e-03,
       8.97111098e-05, 9.20753796e-05, 5.32976841e-06, 4.33620742e-02,
       1.26977144e-02, 3.10296640e-03, 6.22609961e-04, 1.18045339e-04,
       1.82685857e-05, 2.35768169e-06, 6.44057142e-07, 1.34138997e-07,
       0.00000000e+00, 0.00000000e+00, 0.00000000e+00, 0.00000000e+00,
       0.00000000e+00, 0.00000000e+00, 0.00000000e+00, 0.00000000e+00,
       0.00000000e+00, 0.00000000e+00, 0.00000000e+00, 0.00000000e+00,
       5.59790738e-03]), array([2.22864260e-01, 3.28471848e-01, 6.56644494e-03, 2.41468190e-01,
       4.91638340e-03, 4.74230388e-03, 1.87970631e-04, 1.18046643e-01,
       2.45506365e-03, 2.35788383e-03, 9.70419918e-05, 2.29060590e-03,
       9.09897863e-05, 9.28130298e-05, 5.05363045e-06, 4.32031123e-02,
       1.25922554e-02, 3.13351491e-03, 6.71356887e-04, 1.23669073e-04,
       2.22291818e-05, 2.84219012e-06, 4.90939806e-07, 0.00000000e+00,
       0.00000000e+00, 0.00000000e+00, 0.00000000e+00, 0.00000000e+00,
       0.00000000e+00, 0.00000000e+00, 0.00000000e+00, 0.00000000e+00,
       0.00000000e+00, 0.00000000e+00, 0.00000000e+00, 0.00000000e+00,
       5.59703366e-03]), array([2.22943616e-01, 3.28274525e-01, 6.56167967e-03, 2.41329991e-01,
       4.91661057e-03, 4.73283870e-03, 1.94317971e-04, 1.18269280e-01,
       2.46050814e-03, 2.36332776e-03, 9.73336129e-05, 2.28195870e-03,
       8.98262565e-05, 8.81268629e-05, 5.25288275e-06, 4.32739000e-02,
       1.26411406e-02, 3.09209848e-03, 6.52132504e-04, 1.20959602e-04,
       1.73324674e-05, 2.33854705e-06, 2.21260806e-07, 0.00000000e+00,
       0.00000000e+00, 0.00000000e+00, 0.00000000e+00, 0.00000000e+00,
       0.00000000e+00, 0.00000000e+00, 0.00000000e+00, 0.00000000e+00,
       0.00000000e+00, 0.00000000e+00, 0.00000000e+00, 0.00000000e+00,
       5.59068352e-03]), array([2.23281193e-01, 3.27980447e-01, 6.55967309e-03, 2.41107675e-01,
       4.91783845e-03, 4.73081546e-03, 1.89646083e-04, 1.18017252e-01,
       2.45058598e-03, 2.35657209e-03, 9.72574385e-05, 2.27048136e-03,
       9.20116450e-05, 8.70184426e-05, 5.28888820e-06, 4.35230335e-02,
       1.27893126e-02, 3.12136001e-03, 6.60763882e-04, 1.19291598e-04,
       2.23219763e-05, 2.99437281e-06, 4.86888683e-07, 0.00000000e+00,
       0.00000000e+00, 0.00000000e+00, 0.00000000e+00, 0.00000000e+00,
       0.00000000e+00, 0.00000000e+00, 0.00000000e+00, 0.00000000e+00,
       0.00000000e+00, 0.00000000e+00, 0.00000000e+00, 0.00000000e+00,
       5.61667937e-03])]",0.019646,1.0715788888888806e-08,"[np.float64(0.0195716483314419), np.float64(0.019719751668558105), np.float64(0.753872), np.float64(0.019645700000000002)]","[[np.float64(0.2228307031858084), np.float64(0.22355831558857686), np.float64(0.325999), np.float64(0.22319450938719262)], [np.float64(0.32790658777237036), np.float64(0.3285302798387154), np.float64(0.190023), np.float64(0.3282184338055429)], [np.float64(0.006558806627640988), np.float64(0.006580406006106472), np.float64(0.328777), np.float64(0.00656960631687373)], [np.float64(0.24099811417676606), np.float64(0.24144510086565144), np.float64(0.185301), np.float64(0.24122160752120875)], [np.float64(0.004919195999486513), np.float64(0.004930676412441282), np.float64(0.233108), np.float64(0.004924936205963897)], [np.float64(0.004729983189427842), np.float64(0.004747369460347298), np.float64(0.366901), np.float64(0.00473867632488757)], [np.float64(0.00018853361437607327), np.float64(0.00019221950618410034), np.float64(1.936106), np.float64(0.0001903765602800868)], [np.float64(0.11776321167716855), np.float64(0.11831223675533409), np.float64(0.465127), np.float64(0.11803772421625132)], [np.float64(0.0024504134559452336), np.float64(0.0024616811437072005), np.float64(0.458773), np.float64(0.002456047299826217)], [np.float64(0.0023503099333204275), np.float64(0.0023667033964637975), np.float64(0.695078), np.float64(0.0023585066648921125)], [np.float64(9.634399937313955e-05), np.float64(9.77812510862675e-05), np.float64(1.480747), np.float64(9.706262522970353e-05)], [np.float64(0.0022732882532531325), np.float64(0.0022838196092623045), np.float64(0.462195), np.float64(0.0022785539312577185)], [np.float64(9.01639791409237e-05), np.float64(9.179330867231075e-05), np.float64(1.790892), np.float64(9.097864390661723e-05)], [np.float64(8.808368832519968e-05), np.float64(9.114957652442274e-05), np.float64(3.421115), np.float64(8.961663242481121e-05)], [np.float64(4.999137333288432e-06), np.float64(5.480817977758274e-06), np.float64(9.192418), np.float64(5.239977655523353e-06)], [np.float64(0.043204686755891154), np.float64(0.043427164721085966), np.float64(0.513617), np.float64(0.04331592573848856)], [np.float64(0.012651420357323952), np.float64(0.012767522098937431), np.float64(0.913506), np.float64(0.012709471228130691)], [np.float64(0.0030817586651406183), np.float64(0.0031240560266226486), np.float64(1.363153), np.float64(0.0031029073458816335)], [np.float64(0.0006371631116849593), np.float64(0.0006656373580359671), np.float64(4.371237), np.float64(0.0006514002348604632)], [np.float64(0.00011746336960799847), np.float64(0.00012373693581032736), np.float64(5.201955), np.float64(0.00012060015270916292)], [np.float64(1.7995713116315554e-05), np.float64(2.145288145543461e-05), np.float64(17.52746), np.float64(1.9724297285875082e-05)], [np.float64(2.2606654886924558e-06), np.float64(3.2729771866116517e-06), np.float64(36.587534), np.float64(2.7668213376520537e-06)], [np.float64(1.9799254496918884e-07), np.float64(6.643064564880349e-07), np.float64(108.155967), np.float64(4.311495007286119e-07)], [np.float64(-8.514996297250019e-09), np.float64(5.606175599391996e-08), np.float64(271.634714), np.float64(2.377337984833497e-08)], [0, 0, 0, 0], [0, 0, 0, 0], [0, 0, 0, 0], [0, 0, 0, 0], [0, 0, 0, 0], [0, 0, 0, 0], [0, 0, 0, 0], [0, 0, 0, 0], [0, 0, 0, 0], [0, 0, 0, 0], [0, 0, 0, 0], [0, 0, 0, 0], [np.float64(0.005590967829366379), np.float64(0.005618778460697286), np.float64(0.496187), np.float64(0.005604873145031833)]]"
waitroom,10,10000000.0,10000,True,10000000,0.03,0.025,3.75,125,3.125,"[np.float64(0.024575), np.float64(0.024352), np.float64(0.024318), np.float64(0.024514), np.float64(0.024489), np.float64(0.024535), np.float64(0.024477), np.float64(0.024566), np.float64(0.024383), np.float64(0.024367)]","[array([3.01131557e-01, 3.52416310e-01, 8.83277851e-03, 2.06661770e-01,
       5.27052693e-03, 5.05099735e-03, 2.50832140e-04, 8.02923482e-02,
       2.12291925e-03, 2.00600802e-03, 1.04590294e-04, 1.92262398e-03,
       9.59681543e-05, 9.50538949e-05, 7.30933489e-06, 2.34838910e-02,
       5.48125805e-03, 1.06093607e-03, 1.69050947e-04, 2.36040399e-05,
       3.85453062e-06, 5.25383477e-07, 0.00000000e+00, 0.00000000e+00,
       0.00000000e+00, 0.00000000e+00, 0.00000000e+00, 0.00000000e+00,
       0.00000000e+00, 0.00000000e+00, 0.00000000e+00, 0.00000000e+00,
       0.00000000e+00, 0.00000000e+00, 0.00000000e+00, 0.00000000e+00,
       3.51528686e-03]), array([3.01161737e-01, 3.53014897e-01, 8.79730854e-03, 2.06076433e-01,
       5.27769274e-03, 5.04048491e-03, 2.52777747e-04, 8.02924063e-02,
       2.09754714e-03, 2.00778247e-03, 1.03125164e-04, 1.91371515e-03,
       9.55222138e-05, 9.19260442e-05, 6.34947547e-06, 2.34818836e-02,
       5.49562794e-03, 1.08044949e-03, 1.80456099e-04, 2.69555963e-05,
       2.55979716e-06, 2.87605106e-07, 0.00000000e+00, 0.00000000e+00,
       0.00000000e+00, 0.00000000e+00, 0.00000000e+00, 0.00000000e+00,
       0.00000000e+00, 0.00000000e+00, 0.00000000e+00, 0.00000000e+00,
       0.00000000e+00, 0.00000000e+00, 0.00000000e+00, 0.00000000e+00,
       3.50207480e-03]), array([3.01200783e-01, 3.53223521e-01, 8.82617719e-03, 2.05753239e-01,
       5.27749220e-03, 5.03563040e-03, 2.51919049e-04, 8.02223259e-02,
       2.11484064e-03, 1.99737733e-03, 1.05198327e-04, 1.90941957e-03,
       9.71618014e-05, 9.26026289e-05, 7.72242378e-06, 2.34668701e-02,
       5.60347250e-03, 1.09643985e-03, 1.70539108e-04, 2.42740095e-05,
       3.32761462e-06, 4.71475676e-07, 0.00000000e+00, 0.00000000e+00,
       0.00000000e+00, 0.00000000e+00, 0.00000000e+00, 0.00000000e+00,
       0.00000000e+00, 0.00000000e+00, 0.00000000e+00, 0.00000000e+00,
       0.00000000e+00, 0.00000000e+00, 0.00000000e+00, 0.00000000e+00,
       3.51919465e-03]), array([3.01095669e-01, 3.52917554e-01, 8.84868348e-03, 2.05977548e-01,
       5.28303153e-03, 5.04545487e-03, 2.52545737e-04, 8.04015722e-02,
       2.09664450e-03, 2.01141122e-03, 1.06871340e-04, 1.91244241e-03,
       9.66712422e-05, 9.54168608e-05, 6.82896461e-06, 2.36073992e-02,
       5.47279102e-03, 1.05624721e-03, 1.72134495e-04, 2.45896962e-05,
       3.12448759e-06, 1.29128724e-07, 0.00000000e+00, 0.00000000e+00,
       0.00000000e+00, 0.00000000e+00, 0.00000000e+00, 0.00000000e+00,
       0.00000000e+00, 0.00000000e+00, 0.00000000e+00, 0.00000000e+00,
       0.00000000e+00, 0.00000000e+00, 0.00000000e+00, 0.00000000e+00,
       3.51523906e-03]), array([3.01276088e-01, 3.52473914e-01, 8.83014081e-03, 2.06431996e-01,
       5.28102519e-03, 5.07321439e-03, 2.48183233e-04, 8.03556177e-02,
       2.10423236e-03, 1.99564084e-03, 1.03223952e-04, 1.91746451e-03,
       9.49173156e-05, 9.45967450e-05, 6.32332759e-06, 2.34437511e-02,
       5.48377581e-03, 1.06642782e-03, 1.78908966e-04, 2.41687423e-05,
       2.47532867e-06, 1.02047773e-06, 2.68040230e-08, 0.00000000e+00,
       0.00000000e+00, 0.00000000e+00, 0.00000000e+00, 0.00000000e+00,
       0.00000000e+00, 0.00000000e+00, 0.00000000e+00, 0.00000000e+00,
       0.00000000e+00, 0.00000000e+00, 0.00000000e+00, 0.00000000e+00,
       3.51286788e-03]), array([3.00315233e-01, 3.52633402e-01, 8.81887449e-03, 2.06802726e-01,
       5.29221395e-03, 5.04239269e-03, 2.52029292e-04, 8.06511702e-02,
       2.09904027e-03, 2.00816337e-03, 1.04168156e-04, 1.93384703e-03,
       9.56154721e-05, 9.43538968e-05, 7.15101497e-06, 2.35026421e-02,
       5.51903245e-03, 1.10098245e-03, 1.82531031e-04, 2.71248462e-05,
       3.22336999e-06, 5.34125482e-07, 1.66785708e-07, 0.00000000e+00,
       0.00000000e+00, 0.00000000e+00, 0.00000000e+00, 0.00000000e+00,
       0.00000000e+00, 0.00000000e+00, 0.00000000e+00, 0.00000000e+00,
       0.00000000e+00, 0.00000000e+00, 0.00000000e+00, 0.00000000e+00,
       3.51338177e-03]), array([3.00849382e-01, 3.52931200e-01, 8.82276277e-03, 2.06544148e-01,
       5.30226981e-03, 5.03886427e-03, 2.57878386e-04, 8.02642545e-02,
       2.11687570e-03, 2.01037345e-03, 1.06836744e-04, 1.91300302e-03,
       9.37536262e-05, 9.32307894e-05, 7.16340402e-06, 2.34670003e-02,
       5.41975513e-03, 1.04998149e-03, 1.70248330e-04, 2.47330470e-05,
       3.93304722e-06, 7.38689552e-07, 5.16140268e-08, 1.63568400e-08,
       0.00000000e+00, 0.00000000e+00, 0.00000000e+00, 0.00000000e+00,
       0.00000000e+00, 0.00000000e+00, 0.00000000e+00, 0.00000000e+00,
       0.00000000e+00, 0.00000000e+00, 0.00000000e+00, 0.00000000e+00,
       3.51154550e-03]), array([3.00945595e-01, 3.52719787e-01, 8.80891127e-03, 2.06555303e-01,
       5.28637677e-03, 5.05013328e-03, 2.55605697e-04, 8.03454895e-02,
       2.10438042e-03, 2.00594902e-03, 1.01315088e-04, 1.90900352e-03,
       1.00023887e-04, 9.14828835e-05, 6.63741146e-06, 2.34376673e-02,
       5.48180919e-03, 1.06497862e-03, 1.79669707e-04, 2.84110145e-05,
       5.24937160e-06, 5.29271395e-07, 7.08456391e-08, 0.00000000e+00,
       0.00000000e+00, 0.00000000e+00, 0.00000000e+00, 0.00000000e+00,
       0.00000000e+00, 0.00000000e+00, 0.00000000e+00, 0.00000000e+00,
       0.00000000e+00, 0.00000000e+00, 0.00000000e+00, 0.00000000e+00,
       3.51562142e-03]), array([3.01530833e-01, 3.52690709e-01, 8.80277880e-03, 2.06193761e-01,
       5.26232436e-03, 5.05730288e-03, 2.49551418e-04, 8.02139722e-02,
       2.11226252e-03, 2.00456131e-03, 1.02159537e-04, 1.91060628e-03,
       9.78592164e-05, 9.31577728e-05, 7.65084125e-06, 2.34532791e-02,
       5.46142685e-03, 1.06554301e-03, 1.67792688e-04, 2.22646314e-05,
       3.36340544e-06, 2.51235977e-07, 0.00000000e+00, 0.00000000e+00,
       0.00000000e+00, 0.00000000e+00, 0.00000000e+00, 0.00000000e+00,
       0.00000000e+00, 0.00000000e+00, 0.00000000e+00, 0.00000000e+00,
       0.00000000e+00, 0.00000000e+00, 0.00000000e+00, 0.00000000e+00,
       3.49658788e-03]), array([3.01539752e-01, 3.52246582e-01, 8.81534639e-03, 2.06438106e-01,
       5.27161784e-03, 5.04392832e-03, 2.53994606e-04, 8.03528555e-02,
       2.10162759e-03, 1.99834776e-03, 1.05071528e-04, 1.91680893e-03,
       9.49108762e-05, 9.25737769e-05, 7.11315895e-06, 2.34452180e-02,
       5.48690651e-03, 1.06481506e-03, 1.81199439e-04, 2.28289321e-05,
       2.55375940e-06, 3.16743848e-07, 4.48905951e-08, 0.00000000e+00,
       0.00000000e+00, 0.00000000e+00, 0.00000000e+00, 0.00000000e+00,
       0.00000000e+00, 0.00000000e+00, 0.00000000e+00, 0.00000000e+00,
       0.00000000e+00, 0.00000000e+00, 0.00000000e+00, 0.00000000e+00,
       3.51748105e-03])]",0.024458,8.942266666666797e-09,"[np.float64(0.024389953305107265), np.float64(0.024525246694892734), np.float64(0.553175), np.float64(0.0244576)]","[[np.float64(0.30085148991052973), np.float64(0.3013578361378199), np.float64(0.168163), np.float64(0.3011046630241748)], [np.float64(0.35251232121375137), np.float64(0.3529412537857453), np.float64(0.121605), np.float64(0.35272678749974834)], [np.float64(0.008809473454920563), np.float64(0.008831278994756902), np.float64(0.247218), np.float64(0.008820376224838732)], [np.float64(0.2061062266176858), np.float64(0.20658077926592883), np.float64(0.229982), np.float64(0.2063435029418073)], [np.float64(0.00527227304083743), np.float64(0.005288641223389769), np.float64(0.309977), np.float64(0.005280457132113599)], [np.float64(0.005039993000127017), np.float64(0.0050556876719175), np.float64(0.310919), np.float64(0.005047840336022258)], [np.float64(0.0002505148012243574), np.float64(0.0002545486598906402), np.float64(1.597367), np.float64(0.0002525317305574988)], [np.float64(0.08024964518546737), np.float64(0.08042875724317741), np.float64(0.222945), np.float64(0.08033920121432239)], [np.float64(0.002100535364283033), np.float64(0.0021135387150786195), np.float64(0.617139), np.float64(0.0021070370396808263)], [np.float64(0.0020005866562493473), np.float64(0.0020085363024762476), np.float64(0.396578), np.float64(0.0020045614793627975)], [np.float64(0.00010293780494922554), np.float64(0.00010557422083847835), np.float64(2.52879), np.float64(0.00010425601289385195)], [np.float64(0.0019104911238854447), np.float64(0.001921295757232906), np.float64(0.563948), np.float64(0.0019158934405591754)], [np.float64(9.496398964840518e-05), np.float64(9.751677139251e-05), np.float64(2.652506), np.float64(9.624038052045759e-05)], [np.float64(9.247436521378114e-05), np.float64(9.440469340976827e-05), np.float64(2.065858), np.float64(9.34395293117747e-05)], [np.float64(6.676186408892961e-06), np.float64(7.373684989541127e-06), np.float64(9.928896), np.float64(7.024935699217044e-06)], [np.float64(0.023443493807384717), np.float64(0.023514426566206274), np.float64(0.302112), np.float64(0.023478960186795496)], [np.float64(0.005456875208152475), np.float64(0.005524295880985088), np.float64(1.227932), np.float64(0.005490585544568782)], [np.float64(0.0010587091800538138), np.float64(0.0010826510345429972), np.float64(2.236135), np.float64(0.0010706801072984055)], [np.float64(0.00017112716841135523), np.float64(0.00017937899368204987), np.float64(4.708519), np.float64(0.00017525308104670255)], [np.float64(2.347536850442316e-05), np.float64(2.6315542598886596e-05), np.float64(11.408404), np.float64(2.489545555165488e-05)], [np.float64(2.7684151693607733e-06), np.float64(3.964527290371784e-06), np.float64(35.530145), np.float64(3.366471229866279e-06)], [np.float64(2.948438232730637e-07), np.float64(6.659835695009902e-07), np.float64(77.254198), np.float64(4.804136963870269e-07)], [np.float64(-1.7639652689831943e-09), np.float64(7.395196359999148e-08), np.float64(209.774286), np.float64(3.6093999165504145e-08)], [np.float64(-2.0644902711110797e-09), np.float64(5.335858262295474e-09), np.float64(452.431433), np.float64(1.6356839955921972e-09)], [0, 0, 0, 0], [0, 0, 0, 0], [0, 0, 0, 0], [0, 0, 0, 0], [0, 0, 0, 0], [0, 0, 0, 0], [0, 0, 0, 0], [0, 0, 0, 0], [0, 0, 0, 0], [0, 0, 0, 0], [0, 0, 0, 0], [0, 0, 0, 0], [np.float64(0.0035068413083927806), np.float64(0.003517014868640167), np.float64(0.289686), np.float64(0.0035119280885164738)]]"
waitroom,10,10000000.0,10000,True,10000000,0.03,0.03,3.75,125,3.75,"[np.float64(0.029196), np.float64(0.029178), np.float64(0.029134), np.float64(0.02912), np.float64(0.029023), np.float64(0.02916), np.float64(0.029199), np.float64(0.028919), np.float64(0.02904), np.float64(0.029145)]","[array([3.68267846e-01, 3.56876078e-01, 1.07484314e-02, 1.73057307e-01,
       5.34636888e-03, 5.05759498e-03, 3.00268901e-04, 5.59682099e-02,
       1.77693728e-03, 1.67885777e-03, 1.03700150e-04, 1.60566622e-03,
       9.53496763e-05, 9.25528150e-05, 8.11761878e-06, 1.35654456e-02,
       2.64003608e-03, 4.25648011e-04, 5.97517652e-05, 6.37147048e-06,
       8.02612096e-07, 5.55606101e-08, 4.53575563e-08, 0.00000000e+00,
       0.00000000e+00, 0.00000000e+00, 0.00000000e+00, 0.00000000e+00,
       0.00000000e+00, 0.00000000e+00, 0.00000000e+00, 0.00000000e+00,
       0.00000000e+00, 0.00000000e+00, 0.00000000e+00, 0.00000000e+00,
       2.31855727e-03]), array([3.67435963e-01, 3.57624281e-01, 1.07383057e-02, 1.73335538e-01,
       5.35596817e-03, 5.04878986e-03, 3.05605242e-04, 5.58807075e-02,
       1.76121724e-03, 1.68175017e-03, 1.06140371e-04, 1.58734765e-03,
       9.61820085e-05, 9.39736462e-05, 8.40354485e-06, 1.34735132e-02,
       2.63279187e-03, 4.28253514e-04, 6.51663250e-05, 9.53578151e-06,
       8.89040795e-07, 9.28405496e-08, 0.00000000e+00, 0.00000000e+00,
       0.00000000e+00, 0.00000000e+00, 0.00000000e+00, 0.00000000e+00,
       0.00000000e+00, 0.00000000e+00, 0.00000000e+00, 0.00000000e+00,
       0.00000000e+00, 0.00000000e+00, 0.00000000e+00, 0.00000000e+00,
       2.32958392e-03]), array([3.67950053e-01, 3.56693237e-01, 1.07063756e-02, 1.73179418e-01,
       5.35989277e-03, 5.04744329e-03, 3.10415424e-04, 5.63476256e-02,
       1.78526370e-03, 1.67753984e-03, 1.06355237e-04, 1.59931509e-03,
       9.31921876e-05, 9.36274792e-05, 8.62600656e-06, 1.36383999e-02,
       2.58376874e-03, 4.09694511e-04, 5.65723492e-05, 5.21034987e-06,
       2.16459150e-07, 1.16083102e-07, 0.00000000e+00, 0.00000000e+00,
       0.00000000e+00, 0.00000000e+00, 0.00000000e+00, 0.00000000e+00,
       0.00000000e+00, 0.00000000e+00, 0.00000000e+00, 0.00000000e+00,
       0.00000000e+00, 0.00000000e+00, 0.00000000e+00, 0.00000000e+00,
       2.34764180e-03]), array([3.67525693e-01, 3.57004011e-01, 1.07200597e-02, 1.73543098e-01,
       5.35417038e-03, 5.07034000e-03, 3.03566972e-04, 5.60572541e-02,
       1.76035604e-03, 1.68038639e-03, 1.07427445e-04, 1.60016272e-03,
       9.49568293e-05, 9.16142945e-05, 8.74348548e-06, 1.36092193e-02,
       2.64066533e-03, 4.26358637e-04, 6.18977671e-05, 7.78740204e-06,
       8.99640674e-07, 1.65658885e-08, 0.00000000e+00, 0.00000000e+00,
       0.00000000e+00, 0.00000000e+00, 0.00000000e+00, 0.00000000e+00,
       0.00000000e+00, 0.00000000e+00, 0.00000000e+00, 0.00000000e+00,
       0.00000000e+00, 0.00000000e+00, 0.00000000e+00, 0.00000000e+00,
       2.33131459e-03]), array([3.68174522e-01, 3.56902559e-01, 1.07210489e-02, 1.73374141e-01,
       5.33019408e-03, 5.05199235e-03, 3.03862398e-04, 5.59035722e-02,
       1.77214735e-03, 1.67341527e-03, 1.05889454e-04, 1.59119208e-03,
       9.81690625e-05, 9.27356459e-05, 8.34381966e-06, 1.34880869e-02,
       2.59795417e-03, 4.19488006e-04, 5.63481240e-05, 8.03779748e-06,
       1.04009259e-06, 1.74060340e-07, 0.00000000e+00, 0.00000000e+00,
       0.00000000e+00, 0.00000000e+00, 0.00000000e+00, 0.00000000e+00,
       0.00000000e+00, 0.00000000e+00, 0.00000000e+00, 0.00000000e+00,
       0.00000000e+00, 0.00000000e+00, 0.00000000e+00, 0.00000000e+00,
       2.32508655e-03]), array([3.68280102e-01, 3.56675583e-01, 1.07256926e-02, 1.73287255e-01,
       5.32917606e-03, 5.05617884e-03, 3.10601339e-04, 5.60388278e-02,
       1.77326172e-03, 1.67406365e-03, 1.06906389e-04, 1.58208315e-03,
       9.68946757e-05, 9.20558872e-05, 8.23855389e-06, 1.35555206e-02,
       2.61008938e-03, 4.15634145e-04, 5.90507923e-05, 5.31821065e-06,
       3.85155666e-07, 6.49966685e-08, 0.00000000e+00, 0.00000000e+00,
       0.00000000e+00, 0.00000000e+00, 0.00000000e+00, 0.00000000e+00,
       0.00000000e+00, 0.00000000e+00, 0.00000000e+00, 0.00000000e+00,
       0.00000000e+00, 0.00000000e+00, 0.00000000e+00, 0.00000000e+00,
       2.31701527e-03]), array([3.68310173e-01, 3.57089210e-01, 1.07425349e-02, 1.73104886e-01,
       5.36128450e-03, 5.05235470e-03, 3.04348956e-04, 5.57951708e-02,
       1.76908936e-03, 1.67879772e-03, 1.07729019e-04, 1.57879348e-03,
       9.61475204e-05, 8.97731804e-05, 8.38164827e-06, 1.35178007e-02,
       2.59548396e-03, 4.11297165e-04, 6.10745474e-05, 5.75412977e-06,
       7.26239460e-07, 0.00000000e+00, 0.00000000e+00, 0.00000000e+00,
       0.00000000e+00, 0.00000000e+00, 0.00000000e+00, 0.00000000e+00,
       0.00000000e+00, 0.00000000e+00, 0.00000000e+00, 0.00000000e+00,
       0.00000000e+00, 0.00000000e+00, 0.00000000e+00, 0.00000000e+00,
       2.31918869e-03]), array([3.67326998e-01, 3.57314758e-01, 1.07071351e-02, 1.73480890e-01,
       5.34682109e-03, 5.07739850e-03, 3.02915437e-04, 5.59945734e-02,
       1.78963015e-03, 1.68296498e-03, 1.08345211e-04, 1.59824971e-03,
       9.56998120e-05, 9.38135348e-05, 8.14704532e-06, 1.36057259e-02,
       2.63941812e-03, 4.35725881e-04, 5.73851822e-05, 6.67265713e-06,
       6.92464511e-07, 0.00000000e+00, 0.00000000e+00, 0.00000000e+00,
       0.00000000e+00, 0.00000000e+00, 0.00000000e+00, 0.00000000e+00,
       0.00000000e+00, 0.00000000e+00, 0.00000000e+00, 0.00000000e+00,
       0.00000000e+00, 0.00000000e+00, 0.00000000e+00, 0.00000000e+00,
       2.32603939e-03]), array([3.68083502e-01, 3.56859425e-01, 1.07367706e-02, 1.73164146e-01,
       5.36860726e-03, 5.05824213e-03, 3.05895320e-04, 5.60726574e-02,
       1.76933357e-03, 1.67835285e-03, 1.05392030e-04, 1.59506913e-03,
       9.38969778e-05, 9.44157993e-05, 8.04685763e-06, 1.35758909e-02,
       2.60691475e-03, 4.23944239e-04, 5.76189984e-05, 6.55427581e-06,
       3.73765444e-07, 0.00000000e+00, 0.00000000e+00, 0.00000000e+00,
       0.00000000e+00, 0.00000000e+00, 0.00000000e+00, 0.00000000e+00,
       0.00000000e+00, 0.00000000e+00, 0.00000000e+00, 0.00000000e+00,
       0.00000000e+00, 0.00000000e+00, 0.00000000e+00, 0.00000000e+00,
       2.33495001e-03]), array([3.67469659e-01, 3.57493340e-01, 1.07654447e-02, 1.73198181e-01,
       5.34171927e-03, 5.07513988e-03, 3.02685893e-04, 5.60724755e-02,
       1.77874989e-03, 1.67557014e-03, 1.09896440e-04, 1.59644779e-03,
       9.62719979e-05, 9.26746786e-05, 8.77470040e-06, 1.34714795e-02,
       2.61763385e-03, 4.33228304e-04, 6.23004949e-05, 8.62029616e-06,
       5.90343705e-07, 7.73117884e-09, 3.07006141e-08, 0.00000000e+00,
       0.00000000e+00, 0.00000000e+00, 0.00000000e+00, 0.00000000e+00,
       0.00000000e+00, 0.00000000e+00, 0.00000000e+00, 0.00000000e+00,
       0.00000000e+00, 0.00000000e+00, 0.00000000e+00, 0.00000000e+00,
       2.32907707e-03])]",0.029111,8.141377777777721e-09,"[np.float64(0.02904685364416505), np.float64(0.02917594635583495), np.float64(0.443444), np.float64(0.0291114)]","[[np.float64(0.36759775744581363), np.float64(0.36816714482933305), np.float64(0.154774), np.float64(0.36788245113757334)], [np.float64(0.35682012915323247), np.float64(0.35728636731991503), np.float64(0.130579), np.float64(0.35705324823657375)], [np.float64(0.010717834117798624), np.float64(0.010744525744631618), np.float64(0.24873), np.float64(0.010731179931215121)], [np.float64(0.1731577553879809), np.float64(0.17338721676715818), np.float64(0.132428), np.float64(0.17327248607756954)], [np.float64(0.005340066169061261), np.float64(0.005358774321791965), np.float64(0.349723), np.float64(0.005349420245426613)], [np.float64(0.0050517614173667775), np.float64(0.0050673334879856565), np.float64(0.307776), np.float64(0.005059547452676217)], [np.float64(0.00030265937719059727), np.float64(0.0003073737990292347), np.float64(1.545628), np.float64(0.000305016588109916)], [np.float64(0.05590621081941521), np.float64(0.05612000402711414), np.float64(0.381684), np.float64(0.05601310742326467)], [np.float64(0.001766853443493794), np.float64(0.0017803438161450114), np.float64(0.760622), np.float64(0.0017735986298194027)], [np.float64(0.0016759298463555068), np.float64(0.0016804099123288072), np.float64(0.266961), np.float64(0.001678169879342157)], [np.float64(0.00010555548379507383), np.float64(0.00010800086528786787), np.float64(2.290151), np.float64(0.00010677817454147085)], [np.float64(0.001587354765081844), np.float64(0.0015995106372739948), np.float64(0.762873), np.float64(0.0015934327011779194)], [np.float64(9.465065711141394e-05), np.float64(9.670149247797125e-05), np.float64(2.14352), np.float64(9.56760747946926e-05)], [np.float64(9.174504794138968e-05), np.float64(9.370234427980632e-05), np.float64(2.110891), np.float64(9.2723696110598e-05)], [np.float64(8.196956326017453e-06), np.float64(8.567699843770659e-06), np.float64(4.422918), np.float64(8.382328084894056e-06)], [np.float64(0.013507285094362503), np.float64(0.013592931426601706), np.float64(0.632071), np.float64(0.013550108260482105)], [np.float64(0.002601546557605748), np.float64(0.002631404689897951), np.float64(1.141158), np.float64(0.0026164756237518497)], [np.float64(0.0004166460301962543), np.float64(0.00042920845255015316), np.float64(2.970351), np.float64(0.00042292724137320373)], [np.float64(5.765860404602048e-05), np.float64(6.177466511246876e-05), np.float64(6.892654), np.float64(5.9716634579244616e-05)], [np.float64(5.945890509763931e-06), np.float64(8.026583668796369e-06), np.float64(29.782745), np.float64(6.98623708928015e-06)], [np.float64(4.7094440215034855e-07), np.float64(8.522184170388971e-07), np.float64(57.630703), np.float64(6.615814095946228e-07)], [np.float64(1.0010998390788777e-08), np.float64(9.555666905207088e-08), np.float64(162.067938), np.float64(5.278383372142983e-08)], [np.float64(-4.127759271995731e-09), np.float64(1.933939334918998e-08), np.float64(308.542166), np.float64(7.605817038597124e-09)], [0, 0, 0, 0], [0, 0, 0, 0], [0, 0, 0, 0], [0, 0, 0, 0], [0, 0, 0, 0], [0, 0, 0, 0], [0, 0, 0, 0], [0, 0, 0, 0], [0, 0, 0, 0], [0, 0, 0, 0], [0, 0, 0, 0], [0, 0, 0, 0], [0, 0, 0, 0], [np.float64(0.002321322487483301), np.float64(0.002334368423284128), np.float64(0.56043), np.float64(0.0023278454553837145)]]"
waitroom,10,10000000.0,10000,True,10000000,0.03,0.035,3.75,125,4.375,"[np.float64(0.033636), np.float64(0.0338), np.float64(0.033808), np.float64(0.034026), np.float64(0.033793), np.float64(0.033876), np.float64(0.033942), np.float64(0.033829), np.float64(0.033874), np.float64(0.03395)]","[array([4.24269767e-01, 3.51479153e-01, 1.22896501e-02, 1.45399416e-01,
       5.24700881e-03, 4.93475996e-03, 3.48627622e-04, 4.00426115e-02,
       1.48786350e-03, 1.39874502e-03, 1.02784873e-04, 1.31370416e-03,
       9.05326436e-05, 8.93958823e-05, 8.99276127e-06, 8.26343987e-03,
       1.40655718e-03, 1.92579344e-04, 2.38390886e-05, 2.21019654e-06,
       3.32088388e-07, 0.00000000e+00, 0.00000000e+00, 0.00000000e+00,
       0.00000000e+00, 0.00000000e+00, 0.00000000e+00, 0.00000000e+00,
       0.00000000e+00, 0.00000000e+00, 0.00000000e+00, 0.00000000e+00,
       0.00000000e+00, 0.00000000e+00, 0.00000000e+00, 0.00000000e+00,
       1.60802937e-03]), array([4.23883129e-01, 3.51635176e-01, 1.23146688e-02, 1.45321665e-01,
       5.25309407e-03, 4.93946891e-03, 3.44909901e-04, 4.03071658e-02,
       1.50427603e-03, 1.40061101e-03, 1.04691800e-04, 1.32112408e-03,
       9.16161877e-05, 8.97186794e-05, 9.13531111e-06, 8.29207311e-03,
       1.36187377e-03, 1.82776782e-04, 2.22677365e-05, 2.01868504e-06,
       1.14737406e-07, 0.00000000e+00, 0.00000000e+00, 0.00000000e+00,
       0.00000000e+00, 0.00000000e+00, 0.00000000e+00, 0.00000000e+00,
       0.00000000e+00, 0.00000000e+00, 0.00000000e+00, 0.00000000e+00,
       0.00000000e+00, 0.00000000e+00, 0.00000000e+00, 0.00000000e+00,
       1.61842438e-03]), array([4.25232758e-01, 3.50939877e-01, 1.23187401e-02, 1.45167347e-01,
       5.24897559e-03, 4.92180619e-03, 3.43973805e-04, 3.98981833e-02,
       1.49828818e-03, 1.39237009e-03, 1.02835257e-04, 1.31584710e-03,
       9.33149071e-05, 9.06701362e-05, 9.28376516e-06, 8.25985525e-03,
       1.34918305e-03, 1.91125387e-04, 2.08658408e-05, 2.07982779e-06,
       1.11230701e-07, 0.00000000e+00, 0.00000000e+00, 0.00000000e+00,
       0.00000000e+00, 0.00000000e+00, 0.00000000e+00, 0.00000000e+00,
       0.00000000e+00, 0.00000000e+00, 0.00000000e+00, 0.00000000e+00,
       0.00000000e+00, 0.00000000e+00, 0.00000000e+00, 0.00000000e+00,
       1.60250861e-03]), array([4.24663816e-01, 3.51469852e-01, 1.23222212e-02, 1.45025709e-01,
       5.24828235e-03, 4.93957900e-03, 3.45669123e-04, 4.00964435e-02,
       1.49017337e-03, 1.40862266e-03, 1.08050456e-04, 1.31594605e-03,
       9.11120003e-05, 9.04716550e-05, 9.29038050e-06, 8.22477439e-03,
       1.34463716e-03, 1.80035525e-04, 2.06834377e-05, 2.48575009e-06,
       4.08235033e-07, 0.00000000e+00, 0.00000000e+00, 0.00000000e+00,
       0.00000000e+00, 0.00000000e+00, 0.00000000e+00, 0.00000000e+00,
       0.00000000e+00, 0.00000000e+00, 0.00000000e+00, 0.00000000e+00,
       0.00000000e+00, 0.00000000e+00, 0.00000000e+00, 0.00000000e+00,
       1.60173719e-03]), array([4.24172455e-01, 3.51362556e-01, 1.22927113e-02, 1.45397551e-01,
       5.28689510e-03, 4.94157583e-03, 3.46284554e-04, 4.01362331e-02,
       1.49743748e-03, 1.40519141e-03, 1.02448497e-04, 1.32050473e-03,
       9.32108541e-05, 8.94920318e-05, 9.20663687e-06, 8.31242708e-03,
       1.39042923e-03, 1.90294618e-04, 2.52980263e-05, 1.99553367e-06,
       1.13855776e-07, 4.60151651e-09, 0.00000000e+00, 0.00000000e+00,
       0.00000000e+00, 0.00000000e+00, 0.00000000e+00, 0.00000000e+00,
       0.00000000e+00, 0.00000000e+00, 0.00000000e+00, 0.00000000e+00,
       0.00000000e+00, 0.00000000e+00, 0.00000000e+00, 0.00000000e+00,
       1.62568352e-03]), array([4.24405357e-01, 3.51538751e-01, 1.23367759e-02, 1.45303199e-01,
       5.25644441e-03, 4.95946939e-03, 3.42996006e-04, 3.99538899e-02,
       1.48925555e-03, 1.38846516e-03, 1.04367050e-04, 1.33187666e-03,
       9.33725760e-05, 8.94717017e-05, 9.79957119e-06, 8.21480833e-03,
       1.35796567e-03, 1.80850529e-04, 1.75603524e-05, 1.81300385e-06,
       3.27772242e-07, 0.00000000e+00, 0.00000000e+00, 0.00000000e+00,
       0.00000000e+00, 0.00000000e+00, 0.00000000e+00, 0.00000000e+00,
       0.00000000e+00, 0.00000000e+00, 0.00000000e+00, 0.00000000e+00,
       0.00000000e+00, 0.00000000e+00, 0.00000000e+00, 0.00000000e+00,
       1.62318324e-03]), array([4.24590542e-01, 3.51111072e-01, 1.23069200e-02, 1.45391324e-01,
       5.25738583e-03, 4.95946804e-03, 3.47666864e-04, 4.00656279e-02,
       1.49978022e-03, 1.39824834e-03, 1.03963311e-04, 1.31346976e-03,
       9.29436054e-05, 8.63455767e-05, 9.97727196e-06, 8.26582868e-03,
       1.36255059e-03, 1.93323808e-04, 2.22375197e-05, 1.59361927e-06,
       1.03506248e-07, 0.00000000e+00, 0.00000000e+00, 0.00000000e+00,
       0.00000000e+00, 0.00000000e+00, 0.00000000e+00, 0.00000000e+00,
       0.00000000e+00, 0.00000000e+00, 0.00000000e+00, 0.00000000e+00,
       0.00000000e+00, 0.00000000e+00, 0.00000000e+00, 0.00000000e+00,
       1.61962784e-03]), array([4.23837782e-01, 3.51483437e-01, 1.23176741e-02, 1.45527621e-01,
       5.26414809e-03, 4.93823313e-03, 3.48639639e-04, 4.02361245e-02,
       1.49546713e-03, 1.41672302e-03, 1.05377292e-04, 1.31940348e-03,
       9.55915993e-05, 8.88594152e-05, 9.48703082e-06, 8.29987180e-03,
       1.37273315e-03, 1.93799239e-04, 2.19623872e-05, 3.56574291e-06,
       2.90026261e-07, 2.22359828e-08, 0.00000000e+00, 0.00000000e+00,
       0.00000000e+00, 0.00000000e+00, 0.00000000e+00, 0.00000000e+00,
       0.00000000e+00, 0.00000000e+00, 0.00000000e+00, 0.00000000e+00,
       0.00000000e+00, 0.00000000e+00, 0.00000000e+00, 0.00000000e+00,
       1.62318672e-03]), array([4.23923200e-01, 3.51543022e-01, 1.23347557e-02, 1.45639390e-01,
       5.27243209e-03, 4.93830400e-03, 3.47824784e-04, 4.00103189e-02,
       1.50060836e-03, 1.40199993e-03, 1.04410461e-04, 1.32921783e-03,
       9.05292758e-05, 9.05653157e-05, 1.07891311e-05, 8.27364231e-03,
       1.36791928e-03, 1.84411365e-04, 1.95020207e-05, 1.82592213e-06,
       2.49115076e-07, 2.18225777e-08, 0.00000000e+00, 0.00000000e+00,
       0.00000000e+00, 0.00000000e+00, 0.00000000e+00, 0.00000000e+00,
       0.00000000e+00, 0.00000000e+00, 0.00000000e+00, 0.00000000e+00,
       0.00000000e+00, 0.00000000e+00, 0.00000000e+00, 0.00000000e+00,
       1.61505988e-03]), array([4.24488540e-01, 3.51161996e-01, 1.23308588e-02, 1.45440727e-01,
       5.27047541e-03, 4.95262835e-03, 3.47571906e-04, 4.00210556e-02,
       1.49545844e-03, 1.39252946e-03, 1.03946153e-04, 1.31375212e-03,
       9.37060530e-05, 8.73694915e-05, 9.51123686e-06, 8.26841206e-03,
       1.39306585e-03, 1.83507972e-04, 2.25886956e-05, 2.73205628e-06,
       3.68438256e-07, 0.00000000e+00, 0.00000000e+00, 0.00000000e+00,
       0.00000000e+00, 0.00000000e+00, 0.00000000e+00, 0.00000000e+00,
       0.00000000e+00, 0.00000000e+00, 0.00000000e+00, 0.00000000e+00,
       0.00000000e+00, 0.00000000e+00, 0.00000000e+00, 0.00000000e+00,
       1.61919906e-03])]",0.033853,1.1591822222222447e-08,"[np.float64(0.033776380866178284), np.float64(0.033930419133821714), np.float64(0.455016), np.float64(0.0338534)]","[[np.float64(0.42403967622341304), np.float64(0.424653792897187), np.float64(0.14472), np.float64(0.42434673456030003)], [np.float64(0.3512109752962815), np.float64(0.3515340032090481), np.float64(0.091933), np.float64(0.3513724892526648)], [np.float64(0.01230488510504664), np.float64(0.012328110084724904), np.float64(0.188568), np.float64(0.012316497594885772)], [np.float64(0.1452374548659727), np.float64(0.14548533506621694), np.float64(0.170527), np.float64(0.14536139496609482)], [np.float64(0.0052512882566465476), np.float64(0.005269740090036385), np.float64(0.350761), np.float64(0.005260514173341466)], [np.float64(0.004934197161404199), np.float64(0.004950861398638488), np.float64(0.33716), np.float64(0.004942529280021343)], [np.float64(0.00034500118221900627), np.float64(0.0003478316584526289), np.float64(0.817073), np.float64(0.0003464164203358176)], [np.float64(0.03998811933805747), np.float64(0.04016541146272018), np.float64(0.442381), np.float64(0.04007676540038883)], [np.float64(0.0014920355785011839), np.float64(0.0014996860729488703), np.float64(0.511444), np.float64(0.001495860825725027)], [np.float64(0.0013943379009822292), np.float64(0.0014063633196225336), np.float64(0.858743), np.float64(0.0014003506103023814)], [np.float64(0.00010313150497025619), np.float64(0.00010544352531734327), np.float64(2.216968), np.float64(0.00010428751514379973)], [np.float64(0.0013148348400010574), np.float64(0.0013241343568787733), np.float64(0.704784), np.float64(0.0013194845984399154)], [np.float64(9.1436646461997e-05), np.float64(9.374929402387817e-05), np.float64(2.497649), np.float64(9.259297024293758e-05)], [np.float64(8.82324885423779e-05), np.float64(9.023948854919173e-05), np.float64(2.249093), np.float64(8.923598854578482e-05)], [np.float64(9.168451697138109e-06), np.float64(9.926167667202814e-06), np.float64(7.936434), np.float64(9.547309682170461e-06)], [np.float64(0.008245673893625514), np.float64(0.008289352683413681), np.float64(0.528318), np.float64(0.008267513288519598)], [np.float64(0.0013563133834690719), np.float64(0.0013850696072867281), np.float64(2.097936), np.float64(0.0013706914953779)], [np.float64(0.00018337016204233433), np.float64(0.00019117075147828108), np.float64(4.165414), np.float64(0.0001872704567603077)], [np.float64(2.0122619521611625e-05), np.float64(2.3238401574041134e-05), np.float64(14.37135), np.float64(2.168051054782638e-05)], [np.float64(1.8213448236878347e-06), np.float64(2.642722689693084e-06), np.float64(36.799527), np.float64(2.2320337566904594e-06)], [np.float64(1.5581020891695205e-07), np.float64(3.2799086859309817e-07), np.float64(71.178287), np.float64(2.419005387550251e-07)], [np.float64(-1.6862583692158447e-09), np.float64(1.141827377339062e-08), np.float64(269.307674), np.float64(4.866007702087388e-09)], [0, 0, 0, 0], [0, 0, 0, 0], [0, 0, 0, 0], [0, 0, 0, 0], [0, 0, 0, 0], [0, 0, 0, 0], [0, 0, 0, 0], [0, 0, 0, 0], [0, 0, 0, 0], [0, 0, 0, 0], [0, 0, 0, 0], [0, 0, 0, 0], [0, 0, 0, 0], [0, 0, 0, 0], [np.float64(0.0016094687075292142), np.float64(0.0016218592572232954), np.float64(0.766901), np.float64(0.0016156639823762548)]]"
waitroom,10,10000000.0,10000,True,10000000,0.03,0.04,3.75,125,5.0,"[np.float64(0.038521), np.float64(0.038774), np.float64(0.038847), np.float64(0.038294), np.float64(0.038471), np.float64(0.038525), np.float64(0.038554), np.float64(0.038533), np.float64(0.03862), np.float64(0.038437)]","[array([4.72376049e-01, 3.40496169e-01, 1.36510189e-02, 1.22876917e-01,
       5.08408745e-03, 4.74731888e-03, 3.82934224e-04, 2.92948703e-02,
       1.26795891e-03, 1.17551928e-03, 1.02699833e-04, 1.08714245e-03,
       9.01171331e-05, 8.28671739e-05, 1.04809940e-05, 5.26640952e-03,
       7.58212391e-04, 9.09527494e-05, 8.17773340e-06, 4.66804750e-07,
       1.02744439e-07, 0.00000000e+00, 0.00000000e+00, 0.00000000e+00,
       0.00000000e+00, 0.00000000e+00, 0.00000000e+00, 0.00000000e+00,
       0.00000000e+00, 0.00000000e+00, 0.00000000e+00, 0.00000000e+00,
       0.00000000e+00, 0.00000000e+00, 0.00000000e+00, 0.00000000e+00,
       1.14952736e-03]), array([4.72801872e-01, 3.40677799e-01, 1.36639426e-02, 1.22247163e-01,
       5.08533768e-03, 4.72536117e-03, 3.75439488e-04, 2.93516160e-02,
       1.26141454e-03, 1.17239807e-03, 9.96445882e-05, 1.10036416e-03,
       8.89540250e-05, 8.46696177e-05, 1.01238281e-05, 5.25551105e-03,
       7.46789235e-04, 8.82423300e-05, 1.02744647e-05, 6.41805162e-07,
       0.00000000e+00, 0.00000000e+00, 0.00000000e+00, 0.00000000e+00,
       0.00000000e+00, 0.00000000e+00, 0.00000000e+00, 0.00000000e+00,
       0.00000000e+00, 0.00000000e+00, 0.00000000e+00, 0.00000000e+00,
       0.00000000e+00, 0.00000000e+00, 0.00000000e+00, 0.00000000e+00,
       1.15244036e-03]), array([4.72833459e-01, 3.40635172e-01, 1.36804052e-02, 1.22202967e-01,
       5.09128889e-03, 4.73507647e-03, 3.80193495e-04, 2.93212478e-02,
       1.25678004e-03, 1.17453455e-03, 9.66073214e-05, 1.09922947e-03,
       8.98719864e-05, 8.43512840e-05, 1.04106308e-05, 5.28643041e-03,
       7.61408603e-04, 8.77613133e-05, 7.26623016e-06, 9.07454954e-07,
       2.77491234e-08, 1.10116836e-07, 0.00000000e+00, 0.00000000e+00,
       0.00000000e+00, 0.00000000e+00, 0.00000000e+00, 0.00000000e+00,
       0.00000000e+00, 0.00000000e+00, 0.00000000e+00, 0.00000000e+00,
       0.00000000e+00, 0.00000000e+00, 0.00000000e+00, 0.00000000e+00,
       1.16449299e-03]), array([4.72304676e-01, 3.40357296e-01, 1.36591352e-02, 1.22713661e-01,
       5.07694586e-03, 4.75247344e-03, 3.81911569e-04, 2.95655493e-02,
       1.26869225e-03, 1.16995355e-03, 1.02966017e-04, 1.10286428e-03,
       8.95520916e-05, 8.26678660e-05, 1.05339319e-05, 5.31298911e-03,
       7.65705515e-04, 9.50521116e-05, 1.00083695e-05, 5.68291035e-07,
       0.00000000e+00, 0.00000000e+00, 0.00000000e+00, 0.00000000e+00,
       0.00000000e+00, 0.00000000e+00, 0.00000000e+00, 0.00000000e+00,
       0.00000000e+00, 0.00000000e+00, 0.00000000e+00, 0.00000000e+00,
       0.00000000e+00, 0.00000000e+00, 0.00000000e+00, 0.00000000e+00,
       1.17679862e-03]), array([4.72374946e-01, 3.40605415e-01, 1.36600158e-02, 1.22675933e-01,
       5.08049225e-03, 4.75279714e-03, 3.85904525e-04, 2.93355612e-02,
       1.27227591e-03, 1.17112140e-03, 1.00459215e-04, 1.09030365e-03,
       8.70462263e-05, 8.60148783e-05, 1.04375026e-05, 5.31372011e-03,
       7.52823871e-04, 8.62495995e-05, 7.40865396e-06, 9.96650640e-07,
       4.81322939e-08, 0.00000000e+00, 0.00000000e+00, 0.00000000e+00,
       0.00000000e+00, 0.00000000e+00, 0.00000000e+00, 0.00000000e+00,
       0.00000000e+00, 0.00000000e+00, 0.00000000e+00, 0.00000000e+00,
       0.00000000e+00, 0.00000000e+00, 0.00000000e+00, 0.00000000e+00,
       1.15002874e-03]), array([4.72560034e-01, 3.40507336e-01, 1.36456031e-02, 1.22651522e-01,
       5.08851564e-03, 4.73562396e-03, 3.81030348e-04, 2.93555763e-02,
       1.25137485e-03, 1.17842940e-03, 9.75113341e-05, 1.10643096e-03,
       8.76858931e-05, 8.45058770e-05, 9.73149955e-06, 5.24666501e-03,
       7.54691553e-04, 8.81220884e-05, 7.86283864e-06, 4.90508423e-07,
       0.00000000e+00, 0.00000000e+00, 0.00000000e+00, 0.00000000e+00,
       0.00000000e+00, 0.00000000e+00, 0.00000000e+00, 0.00000000e+00,
       0.00000000e+00, 0.00000000e+00, 0.00000000e+00, 0.00000000e+00,
       0.00000000e+00, 0.00000000e+00, 0.00000000e+00, 0.00000000e+00,
       1.16125701e-03]), array([4.71779356e-01, 3.40757277e-01, 1.36511953e-02, 1.22994319e-01,
       5.10836712e-03, 4.74515582e-03, 3.80232284e-04, 2.94299904e-02,
       1.26324890e-03, 1.17797188e-03, 1.00181027e-04, 1.09098425e-03,
       8.93203686e-05, 8.46356884e-05, 1.01893344e-05, 5.30293960e-03,
       7.73346016e-04, 9.21113945e-05, 8.62739829e-06, 8.71171746e-07,
       0.00000000e+00, 0.00000000e+00, 0.00000000e+00, 0.00000000e+00,
       0.00000000e+00, 0.00000000e+00, 0.00000000e+00, 0.00000000e+00,
       0.00000000e+00, 0.00000000e+00, 0.00000000e+00, 0.00000000e+00,
       0.00000000e+00, 0.00000000e+00, 0.00000000e+00, 0.00000000e+00,
       1.15967918e-03]), array([4.72522262e-01, 3.40835289e-01, 1.36502027e-02, 1.22377060e-01,
       5.10191936e-03, 4.72819101e-03, 3.79771424e-04, 2.92854953e-02,
       1.26848812e-03, 1.17294492e-03, 1.00748400e-04, 1.09348697e-03,
       8.82430473e-05, 8.51865031e-05, 1.03831623e-05, 5.27907366e-03,
       7.69042752e-04, 8.85204600e-05, 8.94397619e-06, 8.88143197e-07,
       1.34329281e-07, 0.00000000e+00, 0.00000000e+00, 0.00000000e+00,
       0.00000000e+00, 0.00000000e+00, 0.00000000e+00, 0.00000000e+00,
       0.00000000e+00, 0.00000000e+00, 0.00000000e+00, 0.00000000e+00,
       0.00000000e+00, 0.00000000e+00, 0.00000000e+00, 0.00000000e+00,
       1.15372415e-03]), array([4.72501372e-01, 3.40592557e-01, 1.36316936e-02, 1.22530134e-01,
       5.08550252e-03, 4.73869432e-03, 3.75414197e-04, 2.94424875e-02,
       1.26904539e-03, 1.17063409e-03, 9.86863605e-05, 1.09338838e-03,
       9.09893352e-05, 8.53743248e-05, 1.00221925e-05, 5.26955286e-03,
       7.51952478e-04, 9.28058304e-05, 9.26888407e-06, 4.49442306e-07,
       1.00718752e-08, 0.00000000e+00, 0.00000000e+00, 0.00000000e+00,
       0.00000000e+00, 0.00000000e+00, 0.00000000e+00, 0.00000000e+00,
       0.00000000e+00, 0.00000000e+00, 0.00000000e+00, 0.00000000e+00,
       0.00000000e+00, 0.00000000e+00, 0.00000000e+00, 0.00000000e+00,
       1.15996506e-03]), array([4.72553323e-01, 3.40562829e-01, 1.36376440e-02, 1.22616779e-01,
       5.07529286e-03, 4.73147097e-03, 3.78373609e-04, 2.92990933e-02,
       1.26566925e-03, 1.16118446e-03, 1.00072130e-04, 1.08492748e-03,
       9.05230554e-05, 8.40848258e-05, 1.06001513e-05, 5.29064331e-03,
       7.98416865e-04, 9.06551405e-05, 7.14608067e-06, 4.58222831e-07,
       6.59418983e-09, 0.00000000e+00, 0.00000000e+00, 0.00000000e+00,
       0.00000000e+00, 0.00000000e+00, 0.00000000e+00, 0.00000000e+00,
       0.00000000e+00, 0.00000000e+00, 0.00000000e+00, 0.00000000e+00,
       0.00000000e+00, 0.00000000e+00, 0.00000000e+00, 0.00000000e+00,
       1.16080684e-03])]",0.038558,2.5447155555555694e-08,"[np.float64(0.038443485088852924), np.float64(0.03867171491114707), np.float64(0.591919), np.float64(0.0385576)]","[[np.float64(0.4722498251331641), np.float64(0.47267164473308093), np.float64(0.089281), np.float64(0.4724607349331225)], [np.float64(0.34050525377258967), np.float64(0.3407001743622655), np.float64(0.057228), np.float64(0.3406027140674276)], [np.float64(0.013643204798032198), np.float64(0.013662966498819751), np.float64(0.144742), np.float64(0.013653085648425975)], [np.float64(0.1224056088397577), np.float64(0.12277168225137391), np.float64(0.298619), np.float64(0.12258864554556581)], [np.float64(0.005080280540856995), np.float64(0.0050952693850362515), np.float64(0.294605), np.float64(0.005087774962946623)], [np.float64(0.0047322034373197645), np.float64(0.004746229201071619), np.float64(0.295951), np.float64(0.004739216319195692)], [np.float64(0.00037782517035637797), np.float64(0.00038241586211737113), np.float64(1.207694), np.float64(0.00038012051623687455)], [np.float64(0.0293055212348727), np.float64(0.029430776256013202), np.float64(0.4265), np.float64(0.02936814874544295)], [np.float64(0.0012599025884368492), np.float64(0.0012690870459303894), np.float64(0.726334), np.float64(0.0012644948171836193)], [np.float64(0.0011689447291785332), np.float64(0.0011759935913146708), np.float64(0.601198), np.float64(0.001172469160246602)], [np.float64(9.85183295991362e-05), np.float64(0.00010139691586571553), np.float64(2.879807), np.float64(9.995762273242587e-05)], [np.float64(0.0010898799879553761), np.float64(0.0010999444227828307), np.float64(0.9192), np.float64(0.0010949122053691034)], [np.float64(8.832917834027666e-05), np.float64(9.013145405389241e-05), np.float64(2.019802), np.float64(8.923031619708453e-05)], [np.float64(8.3691087420251e-05), np.float64(8.518052038506241e-05), np.float64(1.763983), np.float64(8.443580390265671e-05)], [np.float64(1.0097818156075357e-05), np.float64(1.0484827367466412e-05), np.float64(3.760539), np.float64(1.0291322761770885e-05)], [np.float64(0.0052657794342987315), np.float64(0.005299007496961226), np.float64(0.629034), np.float64(0.005282393465629979)], [np.float64(0.000752608307123342), np.float64(0.0007738695490738863), np.float64(2.78566), np.float64(0.0007632389280986142)], [np.float64(8.80947386808882e-05), np.float64(9.199986482990268e-05), np.float64(4.33675), np.float64(9.004730175539544e-05)], [np.float64(7.697442084154758e-06), np.float64(9.29948383170879e-06), np.float64(18.850959), np.float64(8.498462957931774e-06)], [np.float64(5.176433530359728e-07), np.float64(8.300556559816001e-07), np.float64(46.362326), np.float64(6.738495045087864e-07)], [np.float64(-1.566085444209819e-09), np.float64(6.749032589587762e-08), np.float64(209.502334), np.float64(3.29621202258339e-08)], [np.float64(-1.3898475362783855e-08), np.float64(3.592184261440395e-08), np.float64(452.431433), np.float64(1.1011683625810048e-08)], [0, 0, 0, 0], [0, 0, 0, 0], [0, 0, 0, 0], [0, 0, 0, 0], [0, 0, 0, 0], [0, 0, 0, 0], [0, 0, 0, 0], [0, 0, 0, 0], [0, 0, 0, 0], [0, 0, 0, 0], [0, 0, 0, 0], [0, 0, 0, 0], [0, 0, 0, 0], [0, 0, 0, 0], [np.float64(0.0011530427177565907), np.float64(0.0011647013452282464), np.float64(1.006032), np.float64(0.0011588720314924185)]]"
